case,before_us,after_us,speedup
static_upper/row/8x8/dense/ref/original,2.76562,2.65625,1.04118
static_upper/row/8x8/dense/ref/suffix,2.46875,2.64062,0.934911
static_upper/row/8x8/dense/rref/original,2.9375,2.95312,0.994709
static_upper/row/8x8/dense/rref/suffix,2.73438,3.0625,0.892857
static_upper/row/32x32/dense/ref/original,31.5,16.9375,1.85978
static_upper/row/32x32/dense/ref/suffix,23.0625,16.5625,1.39245
static_upper/row/32x32/dense/rref/original,53.5,20.6875,2.5861
static_upper/row/32x32/dense/rref/suffix,31.0625,20.375,1.52454
static_upper/row/64x64/dense/ref/original,201.125,75,2.68167
static_upper/row/64x64/dense/ref/suffix,140.75,76.875,1.83089
static_upper/row/64x64/dense/rref/original,472.375,139.5,3.3862
static_upper/row/64x64/dense/rref/suffix,210.625,106.625,1.97538
static_upper/row/128x128/dense/ref/original,1618,501.75,3.22471
static_upper/row/128x128/dense/ref/suffix,1041.75,515.75,2.01987
static_upper/row/128x128/dense/rref/original,3359.5,757.5,4.43498
static_upper/row/128x128/dense/rref/suffix,1517,730.75,2.07595
static_upper/row/256x256/dense/ref/original,12767.5,3947,3.23474
static_upper/row/256x256/dense/ref/suffix,7912.5,3833,2.06431
static_upper/row/256x256/dense/rref/original,24016.5,5607,4.28331
static_upper/row/256x256/dense/rref/suffix,11398,5738,1.98641
static_upper/row/512x512/dense/ref/original,98755,29923,3.3003
static_upper/row/512x512/dense/ref/suffix,61066,29012,2.10485
static_upper/row/512x512/dense/rref/original,188646,42506,4.4381
static_upper/row/512x512/dense/rref/suffix,89619,42377,2.1148
static_upper/row/256x256/zero/ref/original,145.5,93,1.56452
static_upper/row/256x256/zero/rref/original,141.5,96.5,1.46632
static_upper/row/256x256/identity/ref/original,11922.5,287,41.5418
static_upper/row/256x256/identity/rref/original,23526.5,358.5,65.6248
static_upper/row/256x256/sparse/ref/original,11616,387.5,29.9768
static_upper/row/256x256/sparse/rref/original,20674,616,33.5617
static_upper/row/256x256/rank1/ref/original,231.5,235,0.985106
static_upper/row/256x256/rank1/rref/original,232,241.5,0.960663
static_upper/row/32x256/dense/ref/original,199.5,105.5,1.891
static_upper/row/32x256/dense/ref/suffix,186.5,105,1.77619
static_upper/row/32x256/dense/rref/original,366.5,172,2.13081
static_upper/row/32x256/dense/rref/suffix,322.5,165.5,1.94864
static_upper/row/256x32/dense/ref/original,379.5,125.5,3.0239
static_upper/row/256x32/dense/ref/suffix,211,122,1.72951
static_upper/row/256x32/dense/rref/original,387.5,131.5,2.94677
static_upper/row/256x32/dense/rref/suffix,211,126,1.6746
static_upper/row/128x256/dense/ref/original,3093,1207,2.56255
static_upper/row/128x256/dense/ref/suffix,2373,1165,2.03691
static_upper/row/128x256/dense/rref/original,6116.5,2098,2.9154
static_upper/row/128x256/dense/rref/suffix,4208,2061,2.04173
static_upper/subset_zeta/256/adopted,0.755859,0.808594,0.934783
static_upper/subset_zeta/256/raw64_trial,0.765625,1.01758,0.752399
static_upper/divisor_zeta/255/adopted,0.634766,0.634766,1
static_upper/divisor_zeta/255/raw64_trial,0.660156,0.859375,0.768182
static_upper/subset_zeta/4096/adopted,14.9062,15.5625,0.957831
static_upper/subset_zeta/4096/raw64_trial,15.125,17.0625,0.886447
static_upper/divisor_zeta/4095/adopted,10.4688,10.4688,1
static_upper/divisor_zeta/4095/raw64_trial,10.4688,12.25,0.854592
static_upper/subset_zeta/65536/adopted,311.5,326,0.955521
static_upper/subset_zeta/65536/raw64_trial,332,327.5,1.01374
static_upper/divisor_zeta/65535/adopted,216,221,0.977376
static_upper/divisor_zeta/65535/raw64_trial,219,264,0.829545
static_upper/subset_zeta/1048576/adopted,7430,7249,1.02497
static_upper/subset_zeta/1048576/raw64_trial,6425,8135,0.789797
static_upper/divisor_zeta/1048575/adopted,4420,4100,1.07805
static_upper/divisor_zeta/1048575/raw64_trial,4008,4928,0.813312
static_upper/subset_mobius/256/adopted,1.01953,0.814453,1.2518
static_upper/subset_mobius/256/raw64_trial,1.00391,1.0332,0.971645
static_upper/divisor_mobius/255/adopted,0.75,0.625,1.2
static_upper/divisor_mobius/255/raw64_trial,0.757812,0.882812,0.858407
static_upper/subset_mobius/4096/adopted,20.7812,15.5,1.34073
static_upper/subset_mobius/4096/raw64_trial,20.9688,17.5312,1.19608
static_upper/divisor_mobius/4095/adopted,12.6875,10.5938,1.19764
static_upper/divisor_mobius/4095/raw64_trial,12.8125,13.3438,0.960187
static_upper/subset_mobius/65536/adopted,426.5,310,1.37581
static_upper/subset_mobius/65536/raw64_trial,429,355,1.20845
static_upper/divisor_mobius/65535/adopted,243,205,1.18537
static_upper/divisor_mobius/65535/raw64_trial,233.5,256,0.912109
static_upper/subset_mobius/1048576/adopted,8524,6233,1.36756
static_upper/subset_mobius/1048576/raw64_trial,8982,7205,1.24663
static_upper/divisor_mobius/1048575/adopted,4521,4140,1.09203
static_upper/divisor_mobius/1048575/raw64_trial,4535,4726,0.959585
static_upper/supset_zeta/256/adopted,0.818359,0.847656,0.965438
static_upper/supset_zeta/256/raw64_trial,0.794922,1.0332,0.769376
static_upper/multiple_zeta/255/adopted,0.683594,0.689453,0.991501
static_upper/multiple_zeta/255/raw64_trial,0.71875,0.919922,0.781316
static_upper/supset_zeta/4096/adopted,15.2812,15.75,0.970238
static_upper/supset_zeta/4096/raw64_trial,16.0625,17.7812,0.903339
static_upper/multiple_zeta/4095/adopted,10.9375,10.9688,0.997151
static_upper/multiple_zeta/4095/raw64_trial,10.875,13.5312,0.803695
static_upper/supset_zeta/65536/adopted,310,322.5,0.96124
static_upper/supset_zeta/65536/raw64_trial,330.5,326.5,1.01225
static_upper/multiple_zeta/65535/adopted,193,198.5,0.972292
static_upper/multiple_zeta/65535/raw64_trial,200.5,248.5,0.806841
static_upper/supset_zeta/1048576/adopted,6350,6380,0.995298
static_upper/supset_zeta/1048576/raw64_trial,6393,6257,1.02174
static_upper/multiple_zeta/1048575/adopted,3619,3795,0.953623
static_upper/multiple_zeta/1048575/raw64_trial,3842,4690,0.81919
static_upper/supset_mobius/256/adopted,1.06641,0.84375,1.26389
static_upper/supset_mobius/256/raw64_trial,1.18359,1.08008,1.09584
static_upper/multiple_mobius/255/adopted,0.822266,0.720703,1.14092
static_upper/multiple_mobius/255/raw64_trial,0.791016,0.871094,0.908072
static_upper/supset_mobius/4096/adopted,22.2188,17.2188,1.29038
static_upper/supset_mobius/4096/raw64_trial,21.5312,17.2812,1.24593
static_upper/multiple_mobius/4095/adopted,13.5312,12.0312,1.12468
static_upper/multiple_mobius/4095/raw64_trial,13.4375,14.875,0.903361
static_upper/supset_mobius/65536/adopted,445.5,345.5,1.28944
static_upper/supset_mobius/65536/raw64_trial,463,334.5,1.38416
static_upper/multiple_mobius/65535/adopted,267,213,1.25352
static_upper/multiple_mobius/65535/raw64_trial,255.5,246,1.03862
static_upper/supset_mobius/1048576/adopted,9069,6500,1.39523
static_upper/supset_mobius/1048576/raw64_trial,8788,6304,1.39404
static_upper/multiple_mobius/1048575/adopted,4580,3865,1.18499
static_upper/multiple_mobius/1048575/raw64_trial,4719,4342,1.08683
static_upper/hadamard/256/adopted,1.33398,1.08203,1.23285
static_upper/hadamard/256/direct_subtract_baseline,1.04688,1.10742,0.945326
static_upper/hadamard/4096/adopted,29.4688,18.75,1.57167
static_upper/hadamard/4096/direct_subtract_baseline,23.5312,18.625,1.26342
static_upper/hadamard/65536/adopted,592.5,390,1.51923
static_upper/hadamard/65536/direct_subtract_baseline,452.5,393,1.1514
static_upper/hadamard/1048576/adopted,11760,7420,1.58491
static_upper/hadamard/1048576/direct_subtract_baseline,8906,7556,1.17867
