suite,mod,n,variant,median_us,ntt_calls,ntt_weight,ntt_estimated_us,residual_us
inv,998244353,512,baseline,46.325,45,40970,39.696,6.629
inv,998244353,512,adopted,46.3571,45,40970,39.696,6.661
sqrt,998244353,512,baseline,155.308,57,94346,87.084,68.224
sqrt,998244353,512,adopted,48.8718,61,23424,24.214,24.658
exp,998244353,512,baseline,115.294,108,79896,77.928,37.366
exp,998244353,512,adopted,74.8846,105,47786,52.262,22.623
pow,998244353,512,baseline,199,156,151586,142.908,56.092
pow,998244353,512,adopted,160,153,119476,117.242,42.758
composition,998244353,512,baseline,538.667,36,589824,479.373,59.294
composition,998244353,512,adopted,538.667,36,589824,479.373,59.294
multipoint,998244353,512,baseline,631.333,185,266260,257.903,373.430
multipoint,998244353,512,adopted,316,90,145418,134.558,181.442
interpolation,998244353,512,baseline,1533,255,481300,453.795,1079.205
interpolation,998244353,512,adopted,527.667,111,182282,171.405,356.262
inv,998244353,4096,baseline,382,60,450570,356.572,25.428
inv,998244353,4096,adopted,380.8,60,450570,356.572,24.228
sqrt,998244353,4096,baseline,1302,231,1376424,1119.893,182.107
sqrt,998244353,4096,adopted,383,111,313738,289.006,93.994
exp,998244353,4096,baseline,918,144,884760,711.432,206.568
exp,998244353,4096,adopted,586,183,595988,496.432,89.568
pow,998244353,4096,baseline,1609,207,1654818,1317.768,291.232
pow,998244353,4096,adopted,1294,246,1366046,1102.768,191.232
composition,998244353,4096,baseline,6501,48,8060928,5570.293,930.707
composition,998244353,4096,adopted,6428,48,8060928,5570.293,857.707
multipoint,998244353,4096,baseline,8737,2255,5742892,5076.481,3660.519
multipoint,998244353,4096,adopted,3339,441,2170890,1790.929,1548.071
interpolation,998244353,4096,baseline,17809,2885,9773356,8469.800,9339.200
interpolation,998244353,4096,adopted,5320,630,2871306,2413.845,2906.155
inv,998244353,4097,baseline,838,65,983050,764.278,73.722
inv,998244353,4097,adopted,473.25,86,460810,380.972,92.278
sqrt,998244353,4097,baseline,2699,299,3047602,2357.546,341.454
sqrt,998244353,4097,adopted,466.75,133,434580,362.548,104.202
exp,998244353,4097,baseline,1904,156,1933336,1509.515,394.485
exp,998244353,4097,adopted,681,233,570772,540.388,140.612
pow,998244353,4097,baseline,2676,219,2703394,2115.852,560.148
pow,998244353,4097,adopted,1424,296,1340830,1146.725,277.275
composition,998244353,4097,baseline,15557,52,18743296,12841.686,2715.314
composition,998244353,4097,adopted,15551,52,18743296,12841.686,2709.314
multipoint,998244353,4097,baseline,9873,2258,6062380,5326.246,4546.754
multipoint,998244353,4097,adopted,5756,470,2869258,2288.704,3467.296
interpolation,998244353,4097,baseline,19301,2888,10515244,9031.670,10269.330
interpolation,998244353,4097,adopted,8935,659,3569674,2911.620,6023.380
inv,998244353,16384,baseline,1644,70,2129930,1543.903,100.097
inv,998244353,16384,adopted,1631,70,2129930,1543.903,87.097
sqrt,998244353,16384,baseline,5619,372,6652092,4975.164,643.836
sqrt,998244353,16384,adopted,1663,216,1614238,1348.864,314.136
exp,998244353,16384,baseline,4027,168,4194328,3078.397,948.603
exp,998244353,16384,adopted,2572,339,2193428,1774.550,797.450
pow,998244353,16384,baseline,6930,241,7798818,5696.015,1233.985
pow,998244353,16384,adopted,5530,412,5797918,4392.168,1137.832
composition,998244353,16384,baseline,32506,56,43122688,28316.008,4189.992
composition,998244353,16384,adopted,32864,56,43122688,28316.008,4547.992
multipoint,998244353,16384,baseline,43706,9435,34899180,29172.851,14533.149
multipoint,998244353,16384,adopted,16053,1603,11862026,9222.384,6830.616
interpolation,998244353,16384,baseline,86249,11985,58492140,48031.319,38217.681
interpolation,998244353,16384,adopted,25321,2368,15990794,12686.954,12634.046
inv,998244353,65536,baseline,7167,80,9830410,6713.190,453.810
inv,998244353,65536,adopted,7233,80,9830410,6713.190,519.810
sqrt,998244353,65536,baseline,23970,533,30900432,21680.543,2289.457
sqrt,998244353,65536,adopted,7195,341,7750066,5855.543,1339.457
exp,998244353,65536,baseline,16535,192,19398680,13370.043,3164.957
exp,998244353,65536,adopted,10314,371,10553364,7689.375,2624.625
pow,998244353,65536,baseline,28918,275,35913762,24703.233,4214.767
pow,998244353,65536,adopted,22753,454,27068446,19022.565,3730.435
multipoint,998244353,65536,baseline,212694,38215,194647020,155113.115,57580.885
multipoint,998244353,65536,adopted,71603,6221,61734922,45864.688,25738.312
interpolation,998244353,65536,baseline,406137,48445,323097580,253487.275,152649.725
interpolation,998244353,65536,adopted,111906,9290,84344842,63943.396,47962.604
inv,1000000007,512,baseline,244.125,14,92170,88.023,156.102
inv,1000000007,512,adopted,83.5217,0,0,0.000,83.522
sqrt,1000000007,512,baseline,449.25,14,92170,88.023,361.227
sqrt,1000000007,512,adopted,169.8,0,0,0.000,169.800
exp,1000000007,512,baseline,210.778,0,0,0.000,210.778
exp,1000000007,512,adopted,84.4348,0,0,0.000,84.435
pow,1000000007,512,baseline,585.667,0,0,0.000,585.667
pow,1000000007,512,adopted,168.909,0,0,0.000,168.909
composition,1000000007,512,baseline,7707,144,5160960,4690.453,3016.547
composition,1000000007,512,adopted,5281,153,3446784,3415.638,1865.362
multipoint,1000000007,512,baseline,695.5,10,20,0.045,695.455
multipoint,1000000007,512,adopted,586.667,27,175104,178.218,408.449
interpolation,1000000007,512,baseline,1580,10,20,0.045,1579.955
interpolation,1000000007,512,adopted,853.5,27,175104,178.218,675.282
inv,1000000007,4096,baseline,3583,59,2187274,1993.068,1589.932
inv,1000000007,4096,adopted,3615,59,2187274,1993.068,1621.932
sqrt,1000000007,4096,baseline,8903,173,5173288,4756.746,4146.254
sqrt,1000000007,4096,adopted,3898,45,1228800,1107.664,2790.336
exp,1000000007,4096,baseline,11208,191,6684712,6140.434,5067.566
exp,1000000007,4096,adopted,5203,0,0,0.000,5203.000
pow,1000000007,4096,baseline,16100,259,9830450,9018.884,7081.116
pow,1000000007,4096,adopted,9851,0,0,0.000,9851.000
composition,1000000007,4096,baseline,100930,216,77856768,65141.352,35788.648
composition,1000000007,4096,adopted,61498,216,49545216,40028.976,21469.024
multipoint,1000000007,4096,baseline,25206,711,11551020,10820.606,14385.394
multipoint,1000000007,4096,adopted,14405,401,8896522,8338.479,6066.521
interpolation,1000000007,4096,baseline,43501,963,19292460,18018.729,25482.271
interpolation,1000000007,4096,adopted,20745,527,11329546,10616.933,10128.067
inv,1000000007,4097,baseline,7646,74,4890634,4220.941,3425.059
inv,1000000007,4097,adopted,5143,0,0,0.000,5143.000
sqrt,1000000007,4097,baseline,19730,256,12128306,10645.561,9084.439
sqrt,1000000007,4097,adopted,10164,0,0,0.000,10164.000
exp,1000000007,4097,baseline,24452,283,15704114,13697.124,10754.876
exp,1000000007,4097,adopted,5232,0,0,0.000,5232.000
pow,1000000007,4097,baseline,29837,351,18849852,16575.573,13261.427
pow,1000000007,4097,adopted,10629,0,0,0.000,10629.000
composition,1000000007,4097,baseline,216557,234,180191232,143640.107,72916.893
composition,1000000007,4097,adopted,142258,234,115015680,97774.872,44483.128
multipoint,1000000007,4097,baseline,26947,720,12509484,11705.988,15241.012
multipoint,1000000007,4097,adopted,19646,351,8773632,8013.285,11632.715
interpolation,1000000007,4097,baseline,46629,972,21983532,20498.874,26130.126
interpolation,1000000007,4097,adopted,28287,477,11206656,10291.739,17995.261
inv,1000000007,16384,baseline,15833,89,10690570,9064.825,6768.175
inv,1000000007,16384,adopted,15800,89,10690570,9064.825,6735.175
sqrt,1000000007,16384,baseline,42005,354,27242556,23470.959,18534.041
sqrt,1000000007,16384,adopted,23169,208,13344788,11518.240,11650.760
exp,1000000007,16384,baseline,51581,390,35242044,30283.093,21297.907
exp,1000000007,16384,adopted,24002,204,16171008,13903.606,10098.394
pow,1000000007,16384,baseline,75242,488,50356294,43108.490,32133.510
pow,1000000007,16384,adopted,47128,302,31285258,26729.003,20398.997
composition,1000000007,16384,baseline,492707,252,412876800,328631.338,164075.662
composition,1000000007,16384,adopted,304612,252,264241152,204082.676,100529.324
multipoint,1000000007,16384,baseline,161160,3363,89212140,80547.448,80612.552
multipoint,1000000007,16384,adopted,78076,1511,54632458,48639.110,29436.890
interpolation,1000000007,16384,baseline,267912,4479,145245420,130409.855,137502.145
interpolation,1000000007,16384,adopted,114021,2069,72327178,64630.200,49390.800
