suite,mod,op,n,s,layout,a,b,current,iterations,rounds,a_median_us,a_min_us,a_max_us,b_median_us,b_min_us,b_max_us,a_over_b
convolution,998244353,mul,64,8,64,naive,ntt_crt,naive,256,5,0.617,0.586,0.715,3.855,3.730,4.551,0.160
convolution,998244353,mul,64,32,64,naive,ntt_crt,naive,256,5,2.035,1.988,2.086,3.715,3.684,3.793,0.548
convolution,998244353,mul,64,60,64,naive,ntt_crt,naive,256,5,2.031,2.016,2.145,3.668,3.633,3.820,0.554
convolution,998244353,mul,64,8,64,naive,ntt_crt,naive,256,5,0.590,0.570,0.598,3.695,3.652,3.750,0.160
convolution,998244353,mul,64,32,64,naive,ntt_crt,naive,256,5,1.984,1.965,2.164,3.715,3.676,3.797,0.534
convolution,998244353,mul,64,60,64,naive,ntt_crt,naive,256,5,2.043,1.988,2.074,3.766,3.734,3.973,0.543
convolution,998244353,mul,128,8,64,naive,ntt_crt,naive,256,5,0.629,0.609,0.652,6.625,6.598,6.750,0.095
convolution,998244353,mul,128,32,64,naive,ntt_crt,naive,256,5,2.246,2.211,2.332,6.703,6.523,7.016,0.335
convolution,998244353,mul,128,60,64,naive,ntt_crt,naive,256,5,4.258,4.047,4.457,6.727,6.555,7.262,0.633
convolution,998244353,mul,128,8,128,naive,ntt_crt,naive,256,5,1.160,1.023,1.383,6.711,6.645,9.773,0.173
convolution,998244353,mul,128,32,128,naive,ntt_crt,naive,256,5,5.387,4.082,5.836,8.629,6.629,9.855,0.624
convolution,998244353,mul,128,60,128,naive,ntt_crt,naive,250,5,7.616,6.740,10.520,6.844,6.664,7.104,1.113
convolution,998244353,mul,128,100,128,naive,ntt_crt,ntt_crt,222,5,7.748,7.527,8.135,6.748,6.617,7.005,1.148
convolution,998244353,mul,256,8,64,naive,ntt_crt,naive,133,5,0.707,0.692,0.759,15.586,14.955,16.436,0.045
convolution,998244353,mul,256,32,64,naive,ntt_crt,naive,133,5,2.308,2.218,2.654,15.549,15.083,16.083,0.148
convolution,998244353,mul,256,60,64,naive,ntt_crt,naive,142,5,4.099,4.077,4.162,15.246,15.063,16.127,0.269
convolution,998244353,mul,256,8,256,naive,ntt_crt,naive,133,5,2.060,1.970,3.226,15.376,15.226,17.008,0.134
convolution,998244353,mul,256,32,256,naive,ntt_crt,naive,133,5,7.173,7.053,7.474,15.361,14.977,17.782,0.467
convolution,998244353,mul,256,60,256,naive,ntt_crt,naive,133,5,13.218,12.504,13.887,15.105,14.887,15.406,0.875
convolution,998244353,mul,256,100,256,naive,ntt_crt,ntt_crt,100,5,21.530,20.950,22.180,15.380,15.310,15.870,1.400
convolution,998244353,mul,256,200,256,naive,ntt_crt,ntt_crt,62,5,29.677,28.710,29.855,15.194,14.935,16.855,1.953
convolution,998244353,mul,1024,8,64,naive,ntt_crt,naive,21,5,1.238,1.190,1.857,66.095,65.143,67.095,0.019
convolution,998244353,mul,1024,32,64,naive,ntt_crt,naive,29,5,2.897,2.793,2.931,65.241,64.759,68.138,0.044
convolution,998244353,mul,1024,60,64,naive,ntt_crt,naive,29,5,4.655,4.517,5.241,65.931,65.138,67.586,0.071
convolution,998244353,mul,1024,8,1024,naive,ntt_crt,naive,29,5,7.414,7.345,7.655,65.586,65.207,70.034,0.113
convolution,998244353,mul,1024,32,1024,naive,ntt_crt,naive,28,5,26.464,25.821,27.429,65.571,65.071,71.536,0.404
convolution,998244353,mul,1024,60,1024,naive,ntt_crt,naive,31,5,48.742,47.935,49.290,65.645,64.677,66.452,0.743
convolution,998244353,mul,1024,100,1024,naive,ntt_crt,ntt_crt,24,5,80.083,79.375,81.792,65.208,64.417,71.083,1.228
convolution,998244353,mul,1024,200,1024,naive,ntt_crt,ntt_crt,11,5,159.000,157.000,238.455,65.727,63.909,73.364,2.419
convolution,998244353,mul,1024,300,1024,naive,ntt_crt,ntt_crt,8,5,241.875,237.250,252.375,65.375,64.875,68.750,3.700
convolution,998244353,mul,1024,512,1024,naive,ntt_crt,ntt_crt,4,5,460.250,455.000,486.500,65.500,64.750,73.000,7.027
convolution,998244353,mul,4096,8,64,naive,ntt_crt,naive,7,5,3.286,3.143,5.429,293.286,281.143,297.429,0.011
convolution,998244353,mul,4096,32,64,naive,ntt_crt,naive,6,5,5.000,4.833,5.667,283.000,280.333,297.000,0.018
convolution,998244353,mul,4096,60,64,naive,ntt_crt,naive,7,5,6.714,6.571,7.000,287.571,281.143,297.857,0.023
convolution,998244353,mul,4096,8,4096,naive,ntt_crt,naive,7,5,31.143,29.571,31.571,287.143,281.000,301.571,0.108
convolution,998244353,mul,4096,32,4096,naive,ntt_crt,naive,6,5,109.167,107.500,110.667,294.833,282.500,298.000,0.370
convolution,998244353,mul,4096,60,4096,naive,ntt_crt,naive,7,5,198.714,193.429,206.429,286.143,278.000,300.286,0.694
convolution,998244353,mul,4096,100,4096,naive,ntt_crt,ntt_crt,5,5,333.200,323.400,404.200,291.000,281.200,355.000,1.145
convolution,998244353,mul,4096,200,4096,naive,ntt_crt,ntt_crt,3,5,645.667,636.333,661.000,285.667,282.667,384.667,2.260
convolution,998244353,mul,4096,300,4096,naive,ntt_crt,ntt_crt,2,5,949.500,945.000,964.500,293.500,274.500,338.000,3.235
convolution,998244353,mul,4096,512,4096,naive,ntt_crt,ntt_crt,1,5,1635.000,1612.000,1668.000,284.000,277.000,293.000,5.757
convolution,998244353,mul,16384,8,64,naive,ntt_crt,naive,1,5,12.000,12.000,297.000,1293.000,1189.000,1504.000,0.009
convolution,998244353,mul,16384,32,64,naive,ntt_crt,naive,1,5,13.000,13.000,15.000,1186.000,1165.000,1209.000,0.011
convolution,998244353,mul,16384,60,64,naive,ntt_crt,naive,1,5,16.000,15.000,20.000,1211.000,1201.000,1229.000,0.013
convolution,998244353,mul,16384,8,16384,naive,ntt_crt,naive,1,5,124.000,122.000,150.000,1209.000,1198.000,1241.000,0.103
convolution,998244353,mul,16384,32,16384,naive,ntt_crt,naive,1,5,454.000,430.000,582.000,1222.000,1213.000,1246.000,0.372
convolution,998244353,mul,16384,60,16384,naive,ntt_crt,naive,1,5,800.000,793.000,814.000,1215.000,1210.000,1269.000,0.658
convolution,998244353,mul,16384,100,16384,naive,ntt_crt,ntt_crt,1,5,1329.000,1326.000,1421.000,1207.000,1199.000,1268.000,1.101
convolution,998244353,mul,16384,200,16384,naive,ntt_crt,ntt_crt,1,5,2665.000,2617.000,2716.000,1256.000,1219.000,1268.000,2.122
convolution,998244353,mul,16384,300,16384,naive,ntt_crt,ntt_crt,1,5,3928.000,3853.000,4301.000,1206.000,1196.000,1219.000,3.257
convolution,998244353,mul,16384,512,16384,naive,ntt_crt,ntt_crt,1,5,7497.000,6590.000,17397.000,1349.000,1214.000,2336.000,5.557
convolution,998244353,mul,65536,8,64,naive,ntt_crt,naive,1,5,46.000,42.000,48.000,5464.000,5182.000,5773.000,0.008
convolution,998244353,mul,65536,32,64,naive,ntt_crt,naive,1,5,48.000,45.000,105.000,5232.000,5123.000,6279.000,0.009
convolution,998244353,mul,65536,60,64,naive,ntt_crt,naive,1,5,51.000,50.000,96.000,5299.000,5141.000,5946.000,0.010
convolution,998244353,mul,65536,8,65536,naive,ntt_crt,naive,1,5,486.000,480.000,521.000,5207.000,5148.000,5228.000,0.093
convolution,998244353,mul,65536,32,65536,naive,ntt_crt,naive,1,5,1720.000,1703.000,1768.000,5250.000,5120.000,5275.000,0.328
convolution,998244353,mul,65536,60,65536,naive,ntt_crt,naive,1,5,3162.000,3129.000,3258.000,5211.000,5166.000,5391.000,0.607
convolution,998244353,mul,65536,100,65536,naive,ntt_crt,ntt_crt,1,5,5200.000,5158.000,5254.000,5165.000,5138.000,5301.000,1.007
convolution,998244353,mul,65536,200,65536,naive,ntt_crt,ntt_crt,1,5,10552.000,10486.000,10731.000,5232.000,5195.000,5631.000,2.017
convolution,998244353,mul,65536,300,65536,naive,ntt_crt,ntt_crt,1,5,16020.000,15671.000,16071.000,5253.000,5200.000,5625.000,3.050
convolution,998244353,mul,65536,512,65536,naive,ntt_crt,ntt_crt,1,5,27814.000,27322.000,28845.000,5321.000,5272.000,5929.000,5.227
