suite,mod,n,points,layout,variant,median_us,min_us,max_us,iterations,rounds,ntt_calls,ntt_weight,transforms
exp_threshold,998244353,4096,64,prefix,current_sparse,317.167,316.667,338.167,6,5,0,0,
exp_threshold,998244353,4096,64,prefix,optimized_sparse,178.091,177.273,178.636,11,5,0,0,
exp_threshold,998244353,4096,64,prefix,previous_dense,798,796.5,832,2,5,132,843798,1:1/2;2:6/5;4:6/5;8:6/5;16:6/5;32:6/5;64:6/5;128:6/5;256:6/5;512:6/5;1024:6/5;2048:6/5;4096:5/3
exp_threshold,998244353,4096,64,prefix,new_dense,639.333,636,651.667,3,5,123,710666,2:2/3;4:6/5;8:6/5;16:6/5;32:6/5;64:6/5;128:6/5;256:6/5;512:6/5;1024:6/5;2048:9/7;4096:2/1
exp_threshold,998244353,4096,64,prefix,harvey_dense,577.667,569.333,605,3,5,270,430218,2:2/3;4:6/5;8:6/5;16:6/5;32:6/5;64:6/5;128:4/2;256:111/93
exp_threshold,998244353,4096,100,prefix,current_sparse,483.25,478,494,4,5,0,0,
exp_threshold,998244353,4096,100,prefix,optimized_sparse,272.714,272,277.429,7,5,0,0,
exp_threshold,998244353,4096,100,prefix,previous_dense,804,799,828.5,2,5,132,843798,1:1/2;2:6/5;4:6/5;8:6/5;16:6/5;32:6/5;64:6/5;128:6/5;256:6/5;512:6/5;1024:6/5;2048:6/5;4096:5/3
exp_threshold,998244353,4096,100,prefix,new_dense,646,638.667,648,3,5,123,710666,2:2/3;4:6/5;8:6/5;16:6/5;32:6/5;64:6/5;128:6/5;256:6/5;512:6/5;1024:6/5;2048:9/7;4096:2/1
exp_threshold,998244353,4096,100,prefix,harvey_dense,573.667,568.667,697.333,3,5,270,430218,2:2/3;4:6/5;8:6/5;16:6/5;32:6/5;64:6/5;128:4/2;256:111/93
exp_threshold,998244353,4096,128,prefix,current_sparse,544.333,541.667,559.333,3,5,0,0,
exp_threshold,998244353,4096,128,prefix,optimized_sparse,338.8,338.6,341.2,5,5,0,0,
exp_threshold,998244353,4096,128,prefix,previous_dense,798,797,810.5,2,5,132,843798,1:1/2;2:6/5;4:6/5;8:6/5;16:6/5;32:6/5;64:6/5;128:6/5;256:6/5;512:6/5;1024:6/5;2048:6/5;4096:5/3
exp_threshold,998244353,4096,128,prefix,new_dense,637,636,650.667,3,5,123,710666,2:2/3;4:6/5;8:6/5;16:6/5;32:6/5;64:6/5;128:6/5;256:6/5;512:6/5;1024:6/5;2048:9/7;4096:2/1
exp_threshold,998244353,4096,128,prefix,harvey_dense,570.333,569,583.333,3,5,270,430218,2:2/3;4:6/5;8:6/5;16:6/5;32:6/5;64:6/5;128:4/2;256:111/93
exp_threshold,998244353,4096,200,prefix,current_sparse,807,805.5,897.5,2,5,0,0,
exp_threshold,998244353,4096,200,prefix,optimized_sparse,510,507.667,514,3,5,0,0,
exp_threshold,998244353,4096,200,prefix,previous_dense,797.5,796.5,837,2,5,132,843798,1:1/2;2:6/5;4:6/5;8:6/5;16:6/5;32:6/5;64:6/5;128:6/5;256:6/5;512:6/5;1024:6/5;2048:6/5;4096:5/3
exp_threshold,998244353,4096,200,prefix,new_dense,638.333,636,653,3,5,123,710666,2:2/3;4:6/5;8:6/5;16:6/5;32:6/5;64:6/5;128:6/5;256:6/5;512:6/5;1024:6/5;2048:9/7;4096:2/1
exp_threshold,998244353,4096,200,prefix,harvey_dense,571.333,569,583.333,3,5,270,430218,2:2/3;4:6/5;8:6/5;16:6/5;32:6/5;64:6/5;128:4/2;256:111/93
exp_threshold,998244353,4096,256,prefix,current_sparse,1033,1027,1174,1,5,0,0,
exp_threshold,998244353,4096,256,prefix,optimized_sparse,637.333,636.333,643.667,3,5,0,0,
exp_threshold,998244353,4096,256,prefix,previous_dense,800,796,829.5,2,5,132,843798,1:1/2;2:6/5;4:6/5;8:6/5;16:6/5;32:6/5;64:6/5;128:6/5;256:6/5;512:6/5;1024:6/5;2048:6/5;4096:5/3
exp_threshold,998244353,4096,256,prefix,new_dense,640.667,637,649.333,3,5,123,710666,2:2/3;4:6/5;8:6/5;16:6/5;32:6/5;64:6/5;128:6/5;256:6/5;512:6/5;1024:6/5;2048:9/7;4096:2/1
exp_threshold,998244353,4096,256,prefix,harvey_dense,572,569,588.667,3,5,270,430218,2:2/3;4:6/5;8:6/5;16:6/5;32:6/5;64:6/5;128:4/2;256:111/93
exp_threshold,998244353,4096,320,prefix,current_sparse,1242,1240,1247,1,5,0,0,
exp_threshold,998244353,4096,320,prefix,optimized_sparse,782,781.5,786,2,5,0,0,
exp_threshold,998244353,4096,320,prefix,previous_dense,800,797.5,819,2,5,132,843798,1:1/2;2:6/5;4:6/5;8:6/5;16:6/5;32:6/5;64:6/5;128:6/5;256:6/5;512:6/5;1024:6/5;2048:6/5;4096:5/3
exp_threshold,998244353,4096,320,prefix,new_dense,636,635.333,644.333,3,5,123,710666,2:2/3;4:6/5;8:6/5;16:6/5;32:6/5;64:6/5;128:6/5;256:6/5;512:6/5;1024:6/5;2048:9/7;4096:2/1
exp_threshold,998244353,4096,320,prefix,harvey_dense,568.667,568,585,3,5,270,430218,2:2/3;4:6/5;8:6/5;16:6/5;32:6/5;64:6/5;128:4/2;256:111/93
exp_threshold,998244353,4096,512,prefix,current_sparse,1948,1946,1958,1,5,0,0,
exp_threshold,998244353,4096,512,prefix,optimized_sparse,1203,1203,1203,1,5,0,0,
exp_threshold,998244353,4096,512,prefix,previous_dense,797.5,796.5,811,2,5,132,843798,1:1/2;2:6/5;4:6/5;8:6/5;16:6/5;32:6/5;64:6/5;128:6/5;256:6/5;512:6/5;1024:6/5;2048:6/5;4096:5/3
exp_threshold,998244353,4096,512,prefix,new_dense,636.333,635.667,649.667,3,5,123,710666,2:2/3;4:6/5;8:6/5;16:6/5;32:6/5;64:6/5;128:6/5;256:6/5;512:6/5;1024:6/5;2048:9/7;4096:2/1
exp_threshold,998244353,4096,512,prefix,harvey_dense,568.667,568,575,3,5,270,430218,2:2/3;4:6/5;8:6/5;16:6/5;32:6/5;64:6/5;128:4/2;256:111/93
exp_threshold,998244353,4096,64,spread,current_sparse,232,232,234.75,8,5,0,0,
exp_threshold,998244353,4096,64,spread,optimized_sparse,96.75,96.6,99.3,20,5,0,0,
exp_threshold,998244353,4096,64,spread,previous_dense,797.5,796,808.5,2,5,132,843798,1:1/2;2:6/5;4:6/5;8:6/5;16:6/5;32:6/5;64:6/5;128:6/5;256:6/5;512:6/5;1024:6/5;2048:6/5;4096:5/3
exp_threshold,998244353,4096,64,spread,new_dense,637.5,637,637.5,2,5,123,710666,2:2/3;4:6/5;8:6/5;16:6/5;32:6/5;64:6/5;128:6/5;256:6/5;512:6/5;1024:6/5;2048:9/7;4096:2/1
exp_threshold,998244353,4096,64,spread,harvey_dense,562.333,561.667,562.667,3,5,270,430218,2:2/3;4:6/5;8:6/5;16:6/5;32:6/5;64:6/5;128:4/2;256:111/93
exp_threshold,998244353,4096,100,spread,current_sparse,362.6,360.2,365.4,5,5,0,0,
exp_threshold,998244353,4096,100,spread,optimized_sparse,141.5,141.357,144.286,14,5,0,0,
exp_threshold,998244353,4096,100,spread,previous_dense,798,797,801,2,5,132,843798,1:1/2;2:6/5;4:6/5;8:6/5;16:6/5;32:6/5;64:6/5;128:6/5;256:6/5;512:6/5;1024:6/5;2048:6/5;4096:5/3
exp_threshold,998244353,4096,100,spread,new_dense,637.667,637.333,656,3,5,123,710666,2:2/3;4:6/5;8:6/5;16:6/5;32:6/5;64:6/5;128:6/5;256:6/5;512:6/5;1024:6/5;2048:9/7;4096:2/1
exp_threshold,998244353,4096,100,spread,harvey_dense,563.667,561.667,570.667,3,5,270,430218,2:2/3;4:6/5;8:6/5;16:6/5;32:6/5;64:6/5;128:4/2;256:111/93
exp_threshold,998244353,4096,128,spread,current_sparse,462.5,459,463,4,5,0,0,
exp_threshold,998244353,4096,128,spread,optimized_sparse,179.182,179,184,11,5,0,0,
exp_threshold,998244353,4096,128,spread,previous_dense,797,796.5,803.5,2,5,132,843798,1:1/2;2:6/5;4:6/5;8:6/5;16:6/5;32:6/5;64:6/5;128:6/5;256:6/5;512:6/5;1024:6/5;2048:6/5;4096:5/3
exp_threshold,998244353,4096,128,spread,new_dense,637.667,636.667,646,3,5,123,710666,2:2/3;4:6/5;8:6/5;16:6/5;32:6/5;64:6/5;128:6/5;256:6/5;512:6/5;1024:6/5;2048:9/7;4096:2/1
exp_threshold,998244353,4096,128,spread,harvey_dense,564,562,565.333,3,5,270,430218,2:2/3;4:6/5;8:6/5;16:6/5;32:6/5;64:6/5;128:4/2;256:111/93
exp_threshold,998244353,4096,200,spread,current_sparse,721.5,720,765.5,2,5,0,0,
exp_threshold,998244353,4096,200,spread,optimized_sparse,288.333,284.667,292.5,6,5,0,0,
exp_threshold,998244353,4096,200,spread,previous_dense,800.5,799.5,813.5,2,5,132,843798,1:1/2;2:6/5;4:6/5;8:6/5;16:6/5;32:6/5;64:6/5;128:6/5;256:6/5;512:6/5;1024:6/5;2048:6/5;4096:5/3
exp_threshold,998244353,4096,200,spread,new_dense,637.667,637.333,638.333,3,5,123,710666,2:2/3;4:6/5;8:6/5;16:6/5;32:6/5;64:6/5;128:6/5;256:6/5;512:6/5;1024:6/5;2048:9/7;4096:2/1
exp_threshold,998244353,4096,200,spread,harvey_dense,567,565.333,584,3,5,270,430218,2:2/3;4:6/5;8:6/5;16:6/5;32:6/5;64:6/5;128:4/2;256:111/93
exp_threshold,998244353,4096,256,spread,current_sparse,911.5,907.5,925,2,5,0,0,
exp_threshold,998244353,4096,256,spread,optimized_sparse,369.4,367.2,376,5,5,0,0,
exp_threshold,998244353,4096,256,spread,previous_dense,799,795.5,828,2,5,132,843798,1:1/2;2:6/5;4:6/5;8:6/5;16:6/5;32:6/5;64:6/5;128:6/5;256:6/5;512:6/5;1024:6/5;2048:6/5;4096:5/3
exp_threshold,998244353,4096,256,spread,new_dense,638.667,636.667,643.667,3,5,123,710666,2:2/3;4:6/5;8:6/5;16:6/5;32:6/5;64:6/5;128:6/5;256:6/5;512:6/5;1024:6/5;2048:9/7;4096:2/1
exp_threshold,998244353,4096,256,spread,harvey_dense,568.333,565.333,571.333,3,5,270,430218,2:2/3;4:6/5;8:6/5;16:6/5;32:6/5;64:6/5;128:4/2;256:111/93
exp_threshold,998244353,4096,320,spread,current_sparse,1106,1098,1400,1,5,0,0,
exp_threshold,998244353,4096,320,spread,optimized_sparse,438.75,430.25,544.5,4,5,0,0,
exp_threshold,998244353,4096,320,spread,previous_dense,797.5,796,807,2,5,132,843798,1:1/2;2:6/5;4:6/5;8:6/5;16:6/5;32:6/5;64:6/5;128:6/5;256:6/5;512:6/5;1024:6/5;2048:6/5;4096:5/3
exp_threshold,998244353,4096,320,spread,new_dense,637.333,637,670.333,3,5,123,710666,2:2/3;4:6/5;8:6/5;16:6/5;32:6/5;64:6/5;128:6/5;256:6/5;512:6/5;1024:6/5;2048:9/7;4096:2/1
exp_threshold,998244353,4096,320,spread,harvey_dense,566.667,565.333,618,3,5,270,430218,2:2/3;4:6/5;8:6/5;16:6/5;32:6/5;64:6/5;128:4/2;256:111/93
exp_threshold,998244353,4096,512,spread,current_sparse,1711,1707,1729,1,5,0,0,
exp_threshold,998244353,4096,512,spread,optimized_sparse,685.5,683,691.5,2,5,0,0,
exp_threshold,998244353,4096,512,spread,previous_dense,800.5,796.5,822.5,2,5,132,843798,1:1/2;2:6/5;4:6/5;8:6/5;16:6/5;32:6/5;64:6/5;128:6/5;256:6/5;512:6/5;1024:6/5;2048:6/5;4096:5/3
exp_threshold,998244353,4096,512,spread,new_dense,641,636.333,655.333,3,5,123,710666,2:2/3;4:6/5;8:6/5;16:6/5;32:6/5;64:6/5;128:6/5;256:6/5;512:6/5;1024:6/5;2048:9/7;4096:2/1
exp_threshold,998244353,4096,512,spread,harvey_dense,571,567.667,582.667,3,5,270,430218,2:2/3;4:6/5;8:6/5;16:6/5;32:6/5;64:6/5;128:4/2;256:111/93
exp_threshold,998244353,4096,64,suffix,current_sparse,179.636,179.091,183.182,11,5,0,0,
exp_threshold,998244353,4096,64,suffix,optimized_sparse,19.219,19.0667,19.8571,105,5,0,0,
exp_threshold,998244353,4096,64,suffix,previous_dense,805.5,795.5,822,2,5,132,843798,1:1/2;2:6/5;4:6/5;8:6/5;16:6/5;32:6/5;64:6/5;128:6/5;256:6/5;512:6/5;1024:6/5;2048:6/5;4096:5/3
exp_threshold,998244353,4096,64,suffix,new_dense,633,631,638,3,5,123,710666,2:2/3;4:6/5;8:6/5;16:6/5;32:6/5;64:6/5;128:6/5;256:6/5;512:6/5;1024:6/5;2048:9/7;4096:2/1
exp_threshold,998244353,4096,64,suffix,harvey_dense,560.333,558,582,3,5,270,430218,2:2/3;4:6/5;8:6/5;16:6/5;32:6/5;64:6/5;128:4/2;256:111/93
exp_threshold,998244353,4096,100,suffix,current_sparse,272.714,271.429,274.857,7,5,0,0,
exp_threshold,998244353,4096,100,suffix,optimized_sparse,21.2667,21.1889,21.5,90,5,0,0,
exp_threshold,998244353,4096,100,suffix,previous_dense,793.5,788.5,814.5,2,5,132,843798,1:1/2;2:6/5;4:6/5;8:6/5;16:6/5;32:6/5;64:6/5;128:6/5;256:6/5;512:6/5;1024:6/5;2048:6/5;4096:5/3
exp_threshold,998244353,4096,100,suffix,new_dense,637,632,641.667,3,5,123,710666,2:2/3;4:6/5;8:6/5;16:6/5;32:6/5;64:6/5;128:6/5;256:6/5;512:6/5;1024:6/5;2048:9/7;4096:2/1
exp_threshold,998244353,4096,100,suffix,harvey_dense,559.333,558,568.333,3,5,270,430218,2:2/3;4:6/5;8:6/5;16:6/5;32:6/5;64:6/5;128:4/2;256:111/93
exp_threshold,998244353,4096,128,suffix,current_sparse,334.2,334,337.2,5,5,0,0,
exp_threshold,998244353,4096,128,suffix,optimized_sparse,23.3721,23.1977,24.0116,86,5,0,0,
exp_threshold,998244353,4096,128,suffix,previous_dense,796.5,790,804.5,2,5,132,843798,1:1/2;2:6/5;4:6/5;8:6/5;16:6/5;32:6/5;64:6/5;128:6/5;256:6/5;512:6/5;1024:6/5;2048:6/5;4096:5/3
exp_threshold,998244353,4096,128,suffix,new_dense,633,632,638,3,5,123,710666,2:2/3;4:6/5;8:6/5;16:6/5;32:6/5;64:6/5;128:6/5;256:6/5;512:6/5;1024:6/5;2048:9/7;4096:2/1
exp_threshold,998244353,4096,128,suffix,harvey_dense,562.667,558,570.333,3,5,270,430218,2:2/3;4:6/5;8:6/5;16:6/5;32:6/5;64:6/5;128:4/2;256:111/93
exp_threshold,998244353,4096,200,suffix,current_sparse,503,501.25,508,4,5,0,0,
exp_threshold,998244353,4096,200,suffix,optimized_sparse,30.8125,30.7969,31.2812,64,5,0,0,
exp_threshold,998244353,4096,200,suffix,previous_dense,791.5,790,795.5,2,5,132,843798,1:1/2;2:6/5;4:6/5;8:6/5;16:6/5;32:6/5;64:6/5;128:6/5;256:6/5;512:6/5;1024:6/5;2048:6/5;4096:5/3
exp_threshold,998244353,4096,200,suffix,new_dense,634.333,631.667,639.667,3,5,123,710666,2:2/3;4:6/5;8:6/5;16:6/5;32:6/5;64:6/5;128:6/5;256:6/5;512:6/5;1024:6/5;2048:9/7;4096:2/1
exp_threshold,998244353,4096,200,suffix,harvey_dense,564,558,567.667,3,5,270,430218,2:2/3;4:6/5;8:6/5;16:6/5;32:6/5;64:6/5;128:4/2;256:111/93
exp_threshold,998244353,4096,256,suffix,current_sparse,640.333,627,646.667,3,5,0,0,
exp_threshold,998244353,4096,256,suffix,optimized_sparse,39.8431,39.0784,39.9216,51,5,0,0,
exp_threshold,998244353,4096,256,suffix,previous_dense,811,808,843,2,5,132,843798,1:1/2;2:6/5;4:6/5;8:6/5;16:6/5;32:6/5;64:6/5;128:6/5;256:6/5;512:6/5;1024:6/5;2048:6/5;4096:5/3
exp_threshold,998244353,4096,256,suffix,new_dense,646.333,644.333,661.333,3,5,123,710666,2:2/3;4:6/5;8:6/5;16:6/5;32:6/5;64:6/5;128:6/5;256:6/5;512:6/5;1024:6/5;2048:9/7;4096:2/1
exp_threshold,998244353,4096,256,suffix,harvey_dense,582.667,570.667,593,3,5,270,430218,2:2/3;4:6/5;8:6/5;16:6/5;32:6/5;64:6/5;128:4/2;256:111/93
exp_threshold,998244353,4096,320,suffix,current_sparse,774.5,773,793.5,2,5,0,0,
exp_threshold,998244353,4096,320,suffix,optimized_sparse,51.6053,50.7895,51.8684,38,5,0,0,
exp_threshold,998244353,4096,320,suffix,previous_dense,793.5,789.5,810.5,2,5,132,843798,1:1/2;2:6/5;4:6/5;8:6/5;16:6/5;32:6/5;64:6/5;128:6/5;256:6/5;512:6/5;1024:6/5;2048:6/5;4096:5/3
exp_threshold,998244353,4096,320,suffix,new_dense,646,632,653.333,3,5,123,710666,2:2/3;4:6/5;8:6/5;16:6/5;32:6/5;64:6/5;128:6/5;256:6/5;512:6/5;1024:6/5;2048:9/7;4096:2/1
exp_threshold,998244353,4096,320,suffix,harvey_dense,561.333,559,605.667,3,5,270,430218,2:2/3;4:6/5;8:6/5;16:6/5;32:6/5;64:6/5;128:4/2;256:111/93
exp_threshold,998244353,4096,512,suffix,current_sparse,1228,1226,1231,1,5,0,0,
exp_threshold,998244353,4096,512,suffix,optimized_sparse,100.579,100.526,103.105,19,5,0,0,
exp_threshold,998244353,4096,512,suffix,previous_dense,790.5,789,804.5,2,5,132,843798,1:1/2;2:6/5;4:6/5;8:6/5;16:6/5;32:6/5;64:6/5;128:6/5;256:6/5;512:6/5;1024:6/5;2048:6/5;4096:5/3
exp_threshold,998244353,4096,512,suffix,new_dense,632.333,631.667,636.333,3,5,123,710666,2:2/3;4:6/5;8:6/5;16:6/5;32:6/5;64:6/5;128:6/5;256:6/5;512:6/5;1024:6/5;2048:9/7;4096:2/1
exp_threshold,998244353,4096,512,suffix,harvey_dense,559,558.333,561.333,3,5,270,430218,2:2/3;4:6/5;8:6/5;16:6/5;32:6/5;64:6/5;128:4/2;256:111/93
exp_threshold,998244353,4097,64,prefix,current_sparse,328.5,327.333,333.667,6,5,0,0,
exp_threshold,998244353,4097,64,prefix,optimized_sparse,181.455,177.364,183.364,11,5,0,0,
exp_threshold,998244353,4097,64,prefix,previous_dense,1736,1708,1765,1,5,143,1843222,1:1/2;2:6/5;4:6/5;8:6/5;16:6/5;32:6/5;64:6/5;128:6/5;256:6/5;512:6/5;1024:6/5;2048:6/5;4096:6/5;8192:5/3
exp_threshold,998244353,4097,64,prefix,new_dense,1334,1328,1393,1,5,134,1556490,2:2/3;4:6/5;8:6/5;16:6/5;32:6/5;64:6/5;128:6/5;256:6/5;512:6/5;1024:6/5;2048:6/5;4096:9/7;8192:2/1
exp_threshold,998244353,4097,64,prefix,harvey_dense,1271,1262,1283,1,5,321,987156,2:5/5;4:9/7;8:9/7;16:9/7;32:9/7;64:9/7;128:9/7;256:7/4;512:111/93
exp_threshold,998244353,4097,100,prefix,current_sparse,487.5,486,499.25,4,5,0,0,
exp_threshold,998244353,4097,100,prefix,optimized_sparse,278.286,275.714,285.857,7,5,0,0,
exp_threshold,998244353,4097,100,prefix,previous_dense,1716,1705,1756,1,5,143,1843222,1:1/2;2:6/5;4:6/5;8:6/5;16:6/5;32:6/5;64:6/5;128:6/5;256:6/5;512:6/5;1024:6/5;2048:6/5;4096:6/5;8192:5/3
exp_threshold,998244353,4097,100,prefix,new_dense,1331,1327,1392,1,5,134,1556490,2:2/3;4:6/5;8:6/5;16:6/5;32:6/5;64:6/5;128:6/5;256:6/5;512:6/5;1024:6/5;2048:6/5;4096:9/7;8192:2/1
exp_threshold,998244353,4097,100,prefix,harvey_dense,1266,1261,1274,1,5,321,987156,2:5/5;4:9/7;8:9/7;16:9/7;32:9/7;64:9/7;128:9/7;256:7/4;512:111/93
exp_threshold,998244353,4097,128,prefix,current_sparse,556.667,550.667,562.333,3,5,0,0,
exp_threshold,998244353,4097,128,prefix,optimized_sparse,345.4,345.4,349.4,5,5,0,0,
exp_threshold,998244353,4097,128,prefix,previous_dense,1706,1701,1709,1,5,143,1843222,1:1/2;2:6/5;4:6/5;8:6/5;16:6/5;32:6/5;64:6/5;128:6/5;256:6/5;512:6/5;1024:6/5;2048:6/5;4096:6/5;8192:5/3
exp_threshold,998244353,4097,128,prefix,new_dense,1342,1326,1358,1,5,134,1556490,2:2/3;4:6/5;8:6/5;16:6/5;32:6/5;64:6/5;128:6/5;256:6/5;512:6/5;1024:6/5;2048:6/5;4096:9/7;8192:2/1
exp_threshold,998244353,4097,128,prefix,harvey_dense,1263,1263,1293,1,5,321,987156,2:5/5;4:9/7;8:9/7;16:9/7;32:9/7;64:9/7;128:9/7;256:7/4;512:111/93
exp_threshold,998244353,4097,200,prefix,current_sparse,825,823,829.5,2,5,0,0,
exp_threshold,998244353,4097,200,prefix,optimized_sparse,529.667,520.667,548.667,3,5,0,0,
exp_threshold,998244353,4097,200,prefix,previous_dense,1730,1709,1793,1,5,143,1843222,1:1/2;2:6/5;4:6/5;8:6/5;16:6/5;32:6/5;64:6/5;128:6/5;256:6/5;512:6/5;1024:6/5;2048:6/5;4096:6/5;8192:5/3
exp_threshold,998244353,4097,200,prefix,new_dense,1337,1331,1383,1,5,134,1556490,2:2/3;4:6/5;8:6/5;16:6/5;32:6/5;64:6/5;128:6/5;256:6/5;512:6/5;1024:6/5;2048:6/5;4096:9/7;8192:2/1
exp_threshold,998244353,4097,200,prefix,harvey_dense,1269,1264,1277,1,5,321,987156,2:5/5;4:9/7;8:9/7;16:9/7;32:9/7;64:9/7;128:9/7;256:7/4;512:111/93
exp_threshold,998244353,4097,256,prefix,current_sparse,1046,1037,1058,1,5,0,0,
exp_threshold,998244353,4097,256,prefix,optimized_sparse,644,638.667,653.667,3,5,0,0,
exp_threshold,998244353,4097,256,prefix,previous_dense,1745,1669,1811,1,5,143,1843222,1:1/2;2:6/5;4:6/5;8:6/5;16:6/5;32:6/5;64:6/5;128:6/5;256:6/5;512:6/5;1024:6/5;2048:6/5;4096:6/5;8192:5/3
exp_threshold,998244353,4097,256,prefix,new_dense,1335,1300,1405,1,5,134,1556490,2:2/3;4:6/5;8:6/5;16:6/5;32:6/5;64:6/5;128:6/5;256:6/5;512:6/5;1024:6/5;2048:6/5;4096:9/7;8192:2/1
exp_threshold,998244353,4097,256,prefix,harvey_dense,1274,1243,1302,1,5,321,987156,2:5/5;4:9/7;8:9/7;16:9/7;32:9/7;64:9/7;128:9/7;256:7/4;512:111/93
exp_threshold,998244353,4097,320,prefix,current_sparse,1244,1240,1263,1,5,0,0,
exp_threshold,998244353,4097,320,prefix,optimized_sparse,786,782,809,2,5,0,0,
exp_threshold,998244353,4097,320,prefix,previous_dense,1675,1671,1738,1,5,143,1843222,1:1/2;2:6/5;4:6/5;8:6/5;16:6/5;32:6/5;64:6/5;128:6/5;256:6/5;512:6/5;1024:6/5;2048:6/5;4096:6/5;8192:5/3
exp_threshold,998244353,4097,320,prefix,new_dense,1312,1303,1351,1,5,134,1556490,2:2/3;4:6/5;8:6/5;16:6/5;32:6/5;64:6/5;128:6/5;256:6/5;512:6/5;1024:6/5;2048:6/5;4096:9/7;8192:2/1
exp_threshold,998244353,4097,320,prefix,harvey_dense,1246,1241,1252,1,5,321,987156,2:5/5;4:9/7;8:9/7;16:9/7;32:9/7;64:9/7;128:9/7;256:7/4;512:111/93
exp_threshold,998244353,4097,512,prefix,current_sparse,1948,1943,1977,1,5,0,0,
exp_threshold,998244353,4097,512,prefix,optimized_sparse,1203,1203,1223,1,5,0,0,
exp_threshold,998244353,4097,512,prefix,previous_dense,1685,1666,1719,1,5,143,1843222,1:1/2;2:6/5;4:6/5;8:6/5;16:6/5;32:6/5;64:6/5;128:6/5;256:6/5;512:6/5;1024:6/5;2048:6/5;4096:6/5;8192:5/3
exp_threshold,998244353,4097,512,prefix,new_dense,1313,1301,1347,1,5,134,1556490,2:2/3;4:6/5;8:6/5;16:6/5;32:6/5;64:6/5;128:6/5;256:6/5;512:6/5;1024:6/5;2048:6/5;4096:9/7;8192:2/1
exp_threshold,998244353,4097,512,prefix,harvey_dense,1239,1239,1259,1,5,321,987156,2:5/5;4:9/7;8:9/7;16:9/7;32:9/7;64:9/7;128:9/7;256:7/4;512:111/93
exp_threshold,998244353,4097,64,spread,current_sparse,227.875,227.75,229.375,8,5,0,0,
exp_threshold,998244353,4097,64,spread,optimized_sparse,92.8571,92.381,93.0952,21,5,0,0,
exp_threshold,998244353,4097,64,spread,previous_dense,1691,1666,1719,1,5,143,1843222,1:1/2;2:6/5;4:6/5;8:6/5;16:6/5;32:6/5;64:6/5;128:6/5;256:6/5;512:6/5;1024:6/5;2048:6/5;4096:6/5;8192:5/3
exp_threshold,998244353,4097,64,spread,new_dense,1302,1301,1312,1,5,134,1556490,2:2/3;4:6/5;8:6/5;16:6/5;32:6/5;64:6/5;128:6/5;256:6/5;512:6/5;1024:6/5;2048:6/5;4096:9/7;8192:2/1
exp_threshold,998244353,4097,64,spread,harvey_dense,1219,1218,1232,1,5,281,969226,2:2/3;4:6/5;8:6/5;16:6/5;32:6/5;64:6/5;128:6/5;256:4/2;512:111/93
exp_threshold,998244353,4097,100,spread,current_sparse,358.2,357.6,364.2,5,5,0,0,
exp_threshold,998244353,4097,100,spread,optimized_sparse,139.714,138.429,140.429,14,5,0,0,
exp_threshold,998244353,4097,100,spread,previous_dense,1668,1665,1690,1,5,143,1843222,1:1/2;2:6/5;4:6/5;8:6/5;16:6/5;32:6/5;64:6/5;128:6/5;256:6/5;512:6/5;1024:6/5;2048:6/5;4096:6/5;8192:5/3
exp_threshold,998244353,4097,100,spread,new_dense,1303,1302,1305,1,5,134,1556490,2:2/3;4:6/5;8:6/5;16:6/5;32:6/5;64:6/5;128:6/5;256:6/5;512:6/5;1024:6/5;2048:6/5;4096:9/7;8192:2/1
exp_threshold,998244353,4097,100,spread,harvey_dense,1218,1218,1225,1,5,281,969226,2:2/3;4:6/5;8:6/5;16:6/5;32:6/5;64:6/5;128:6/5;256:4/2;512:111/93
exp_threshold,998244353,4097,128,spread,current_sparse,457.25,452.75,569.5,4,5,0,0,
exp_threshold,998244353,4097,128,spread,optimized_sparse,172.182,169,176,11,5,0,0,
exp_threshold,998244353,4097,128,spread,previous_dense,1716,1671,1738,1,5,143,1843222,1:1/2;2:6/5;4:6/5;8:6/5;16:6/5;32:6/5;64:6/5;128:6/5;256:6/5;512:6/5;1024:6/5;2048:6/5;4096:6/5;8192:5/3
exp_threshold,998244353,4097,128,spread,new_dense,1313,1304,1354,1,5,134,1556490,2:2/3;4:6/5;8:6/5;16:6/5;32:6/5;64:6/5;128:6/5;256:6/5;512:6/5;1024:6/5;2048:6/5;4096:9/7;8192:2/1
exp_threshold,998244353,4097,128,spread,harvey_dense,1260,1219,1477,1,5,281,969226,2:2/3;4:6/5;8:6/5;16:6/5;32:6/5;64:6/5;128:6/5;256:4/2;512:111/93
exp_threshold,998244353,4097,200,spread,current_sparse,703.5,702,721,2,5,0,0,
exp_threshold,998244353,4097,200,spread,optimized_sparse,274.429,268.857,275.286,7,5,0,0,
exp_threshold,998244353,4097,200,spread,previous_dense,1675,1666,1733,1,5,143,1843222,1:1/2;2:6/5;4:6/5;8:6/5;16:6/5;32:6/5;64:6/5;128:6/5;256:6/5;512:6/5;1024:6/5;2048:6/5;4096:6/5;8192:5/3
exp_threshold,998244353,4097,200,spread,new_dense,1333,1302,1346,1,5,134,1556490,2:2/3;4:6/5;8:6/5;16:6/5;32:6/5;64:6/5;128:6/5;256:6/5;512:6/5;1024:6/5;2048:6/5;4096:9/7;8192:2/1
exp_threshold,998244353,4097,200,spread,harvey_dense,1224,1221,1244,1,5,281,969226,2:2/3;4:6/5;8:6/5;16:6/5;32:6/5;64:6/5;128:6/5;256:4/2;512:111/93
exp_threshold,998244353,4097,256,spread,current_sparse,903,894,926.5,2,5,0,0,
exp_threshold,998244353,4097,256,spread,optimized_sparse,358,345.4,364.6,5,5,0,0,
exp_threshold,998244353,4097,256,spread,previous_dense,1677,1669,1679,1,5,143,1843222,1:1/2;2:6/5;4:6/5;8:6/5;16:6/5;32:6/5;64:6/5;128:6/5;256:6/5;512:6/5;1024:6/5;2048:6/5;4096:6/5;8192:5/3
exp_threshold,998244353,4097,256,spread,new_dense,1309,1303,1335,1,5,134,1556490,2:2/3;4:6/5;8:6/5;16:6/5;32:6/5;64:6/5;128:6/5;256:6/5;512:6/5;1024:6/5;2048:6/5;4096:9/7;8192:2/1
exp_threshold,998244353,4097,256,spread,harvey_dense,1231,1225,1239,1,5,281,969226,2:2/3;4:6/5;8:6/5;16:6/5;32:6/5;64:6/5;128:6/5;256:4/2;512:111/93
exp_threshold,998244353,4097,320,spread,current_sparse,1091,1087,1105,1,5,0,0,
exp_threshold,998244353,4097,320,spread,optimized_sparse,420.25,419,436,4,5,0,0,
exp_threshold,998244353,4097,320,spread,previous_dense,1671,1668,1699,1,5,143,1843222,1:1/2;2:6/5;4:6/5;8:6/5;16:6/5;32:6/5;64:6/5;128:6/5;256:6/5;512:6/5;1024:6/5;2048:6/5;4096:6/5;8192:5/3
exp_threshold,998244353,4097,320,spread,new_dense,1308,1301,1317,1,5,134,1556490,2:2/3;4:6/5;8:6/5;16:6/5;32:6/5;64:6/5;128:6/5;256:6/5;512:6/5;1024:6/5;2048:6/5;4096:9/7;8192:2/1
exp_threshold,998244353,4097,320,spread,harvey_dense,1232,1225,1298,1,5,281,969226,2:2/3;4:6/5;8:6/5;16:6/5;32:6/5;64:6/5;128:6/5;256:4/2;512:111/93
exp_threshold,998244353,4097,512,spread,current_sparse,1716,1703,1772,1,5,0,0,
exp_threshold,998244353,4097,512,spread,optimized_sparse,663,662.5,707.5,2,5,0,0,
exp_threshold,998244353,4097,512,spread,previous_dense,1668,1666,1728,1,5,143,1843222,1:1/2;2:6/5;4:6/5;8:6/5;16:6/5;32:6/5;64:6/5;128:6/5;256:6/5;512:6/5;1024:6/5;2048:6/5;4096:6/5;8192:5/3
exp_threshold,998244353,4097,512,spread,new_dense,1305,1302,1312,1,5,134,1556490,2:2/3;4:6/5;8:6/5;16:6/5;32:6/5;64:6/5;128:6/5;256:6/5;512:6/5;1024:6/5;2048:6/5;4096:9/7;8192:2/1
exp_threshold,998244353,4097,512,spread,harvey_dense,1251,1240,1270,1,5,321,987156,2:5/5;4:9/7;8:9/7;16:9/7;32:9/7;64:9/7;128:9/7;256:7/4;512:111/93
exp_threshold,998244353,4097,64,suffix,current_sparse,179.545,179.091,180.909,11,5,0,0,
exp_threshold,998244353,4097,64,suffix,optimized_sparse,19.0952,18.9714,19.781,105,5,0,0,
exp_threshold,998244353,4097,64,suffix,previous_dense,1660,1656,1749,1,5,143,1843222,1:1/2;2:6/5;4:6/5;8:6/5;16:6/5;32:6/5;64:6/5;128:6/5;256:6/5;512:6/5;1024:6/5;2048:6/5;4096:6/5;8192:5/3
exp_threshold,998244353,4097,64,suffix,new_dense,1296,1294,1301,1,5,134,1556490,2:2/3;4:6/5;8:6/5;16:6/5;32:6/5;64:6/5;128:6/5;256:6/5;512:6/5;1024:6/5;2048:6/5;4096:9/7;8192:2/1
exp_threshold,998244353,4097,64,suffix,harvey_dense,1209,1208,1220,1,5,281,969226,2:2/3;4:6/5;8:6/5;16:6/5;32:6/5;64:6/5;128:6/5;256:4/2;512:111/93
exp_threshold,998244353,4097,100,suffix,current_sparse,272.429,271.286,282.429,7,5,0,0,
exp_threshold,998244353,4097,100,suffix,optimized_sparse,21.1684,21.1053,21.8105,95,5,0,0,
exp_threshold,998244353,4097,100,suffix,previous_dense,1664,1656,1679,1,5,143,1843222,1:1/2;2:6/5;4:6/5;8:6/5;16:6/5;32:6/5;64:6/5;128:6/5;256:6/5;512:6/5;1024:6/5;2048:6/5;4096:6/5;8192:5/3
exp_threshold,998244353,4097,100,suffix,new_dense,1295,1294,1320,1,5,134,1556490,2:2/3;4:6/5;8:6/5;16:6/5;32:6/5;64:6/5;128:6/5;256:6/5;512:6/5;1024:6/5;2048:6/5;4096:9/7;8192:2/1
exp_threshold,998244353,4097,100,suffix,harvey_dense,1208,1206,1208,1,5,281,969226,2:2/3;4:6/5;8:6/5;16:6/5;32:6/5;64:6/5;128:6/5;256:4/2;512:111/93
exp_threshold,998244353,4097,128,suffix,current_sparse,347.4,342.2,352.4,5,5,0,0,
exp_threshold,998244353,4097,128,suffix,optimized_sparse,23.831,23.1831,24.0845,71,5,0,0,
exp_threshold,998244353,4097,128,suffix,previous_dense,1701,1663,1804,1,5,143,1843222,1:1/2;2:6/5;4:6/5;8:6/5;16:6/5;32:6/5;64:6/5;128:6/5;256:6/5;512:6/5;1024:6/5;2048:6/5;4096:6/5;8192:5/3
exp_threshold,998244353,4097,128,suffix,new_dense,1325,1323,1382,1,5,134,1556490,2:2/3;4:6/5;8:6/5;16:6/5;32:6/5;64:6/5;128:6/5;256:6/5;512:6/5;1024:6/5;2048:6/5;4096:9/7;8192:2/1
exp_threshold,998244353,4097,128,suffix,harvey_dense,1242,1241,1251,1,5,281,969226,2:2/3;4:6/5;8:6/5;16:6/5;32:6/5;64:6/5;128:6/5;256:4/2;512:111/93
exp_threshold,998244353,4097,200,suffix,current_sparse,511.333,509.333,516.333,3,5,0,0,
exp_threshold,998244353,4097,200,suffix,optimized_sparse,31.5833,31.45,32.35,60,5,0,0,
exp_threshold,998244353,4097,200,suffix,previous_dense,1705,1698,1756,1,5,143,1843222,1:1/2;2:6/5;4:6/5;8:6/5;16:6/5;32:6/5;64:6/5;128:6/5;256:6/5;512:6/5;1024:6/5;2048:6/5;4096:6/5;8192:5/3
exp_threshold,998244353,4097,200,suffix,new_dense,1332,1323,1344,1,5,134,1556490,2:2/3;4:6/5;8:6/5;16:6/5;32:6/5;64:6/5;128:6/5;256:6/5;512:6/5;1024:6/5;2048:6/5;4096:9/7;8192:2/1
exp_threshold,998244353,4097,200,suffix,harvey_dense,1261,1233,1312,1,5,281,969226,2:2/3;4:6/5;8:6/5;16:6/5;32:6/5;64:6/5;128:6/5;256:4/2;512:111/93
exp_threshold,998244353,4097,256,suffix,current_sparse,628.333,626.667,652.667,3,5,0,0,
exp_threshold,998244353,4097,256,suffix,optimized_sparse,39.1042,38.8333,39.25,48,5,0,0,
exp_threshold,998244353,4097,256,suffix,previous_dense,1672,1661,1722,1,5,143,1843222,1:1/2;2:6/5;4:6/5;8:6/5;16:6/5;32:6/5;64:6/5;128:6/5;256:6/5;512:6/5;1024:6/5;2048:6/5;4096:6/5;8192:5/3
exp_threshold,998244353,4097,256,suffix,new_dense,1319,1298,1332,1,5,134,1556490,2:2/3;4:6/5;8:6/5;16:6/5;32:6/5;64:6/5;128:6/5;256:6/5;512:6/5;1024:6/5;2048:6/5;4096:9/7;8192:2/1
exp_threshold,998244353,4097,256,suffix,harvey_dense,1213,1208,1259,1,5,281,969226,2:2/3;4:6/5;8:6/5;16:6/5;32:6/5;64:6/5;128:6/5;256:4/2;512:111/93
exp_threshold,998244353,4097,320,suffix,current_sparse,780.5,773.5,795,2,5,0,0,
exp_threshold,998244353,4097,320,suffix,optimized_sparse,52.5641,50.7179,53.1538,39,5,0,0,
exp_threshold,998244353,4097,320,suffix,previous_dense,1665,1664,1674,1,5,143,1843222,1:1/2;2:6/5;4:6/5;8:6/5;16:6/5;32:6/5;64:6/5;128:6/5;256:6/5;512:6/5;1024:6/5;2048:6/5;4096:6/5;8192:5/3
exp_threshold,998244353,4097,320,suffix,new_dense,1297,1296,1314,1,5,134,1556490,2:2/3;4:6/5;8:6/5;16:6/5;32:6/5;64:6/5;128:6/5;256:6/5;512:6/5;1024:6/5;2048:6/5;4096:9/7;8192:2/1
exp_threshold,998244353,4097,320,suffix,harvey_dense,1213,1209,1223,1,5,281,969226,2:2/3;4:6/5;8:6/5;16:6/5;32:6/5;64:6/5;128:6/5;256:4/2;512:111/93
exp_threshold,998244353,4097,512,suffix,current_sparse,1296,1281,1304,1,5,0,0,
exp_threshold,998244353,4097,512,suffix,optimized_sparse,104.632,102.368,105.158,19,5,0,0,
exp_threshold,998244353,4097,512,suffix,previous_dense,1710,1700,1786,1,5,143,1843222,1:1/2;2:6/5;4:6/5;8:6/5;16:6/5;32:6/5;64:6/5;128:6/5;256:6/5;512:6/5;1024:6/5;2048:6/5;4096:6/5;8192:5/3
exp_threshold,998244353,4097,512,suffix,new_dense,1331,1324,1365,1,5,134,1556490,2:2/3;4:6/5;8:6/5;16:6/5;32:6/5;64:6/5;128:6/5;256:6/5;512:6/5;1024:6/5;2048:6/5;4096:9/7;8192:2/1
exp_threshold,998244353,4097,512,suffix,harvey_dense,1255,1236,1308,1,5,281,969226,2:2/3;4:6/5;8:6/5;16:6/5;32:6/5;64:6/5;128:6/5;256:4/2;512:111/93
exp_threshold,998244353,16384,64,prefix,current_sparse,1323,1304,1361,1,5,0,0,
exp_threshold,998244353,16384,64,prefix,optimized_sparse,752.5,725.5,765,2,5,0,0,
exp_threshold,998244353,16384,64,prefix,previous_dense,3542,3447,3643,1,5,154,3997718,1:1/2;2:6/5;4:6/5;8:6/5;16:6/5;32:6/5;64:6/5;128:6/5;256:6/5;512:6/5;1024:6/5;2048:6/5;4096:6/5;8192:6/5;16384:5/3
exp_threshold,998244353,16384,64,prefix,new_dense,2836,2802,2864,1,5,145,3383306,2:2/3;4:6/5;8:6/5;16:6/5;32:6/5;64:6/5;128:6/5;256:6/5;512:6/5;1024:6/5;2048:6/5;4096:6/5;8192:9/7;16384:2/1
exp_threshold,998244353,16384,64,prefix,harvey_dense,2444,2435,2676,1,5,337,2197012,2:5/5;4:9/7;8:9/7;16:9/7;32:9/7;64:9/7;128:9/7;256:9/7;512:7/4;1024:111/93
exp_threshold,998244353,16384,100,prefix,current_sparse,2075,2003,6764,1,5,0,0,
exp_threshold,998244353,16384,100,prefix,optimized_sparse,1136,1130,8305,1,5,0,0,
exp_threshold,998244353,16384,100,prefix,previous_dense,3686,3533,9411,1,5,154,3997718,1:1/2;2:6/5;4:6/5;8:6/5;16:6/5;32:6/5;64:6/5;128:6/5;256:6/5;512:6/5;1024:6/5;2048:6/5;4096:6/5;8192:6/5;16384:5/3
exp_threshold,998244353,16384,100,prefix,new_dense,2916,2885,2938,1,5,145,3383306,2:2/3;4:6/5;8:6/5;16:6/5;32:6/5;64:6/5;128:6/5;256:6/5;512:6/5;1024:6/5;2048:6/5;4096:6/5;8192:9/7;16384:2/1
exp_threshold,998244353,16384,100,prefix,harvey_dense,2549,2493,11214,1,5,337,2197012,2:5/5;4:9/7;8:9/7;16:9/7;32:9/7;64:9/7;128:9/7;256:9/7;512:7/4;1024:111/93
exp_threshold,998244353,16384,128,prefix,current_sparse,2271,2230,2289,1,5,0,0,
exp_threshold,998244353,16384,128,prefix,optimized_sparse,1430,1413,1451,1,5,0,0,
exp_threshold,998244353,16384,128,prefix,previous_dense,3594,3483,3651,1,5,154,3997718,1:1/2;2:6/5;4:6/5;8:6/5;16:6/5;32:6/5;64:6/5;128:6/5;256:6/5;512:6/5;1024:6/5;2048:6/5;4096:6/5;8192:6/5;16384:5/3
exp_threshold,998244353,16384,128,prefix,new_dense,2855,2789,2981,1,5,145,3383306,2:2/3;4:6/5;8:6/5;16:6/5;32:6/5;64:6/5;128:6/5;256:6/5;512:6/5;1024:6/5;2048:6/5;4096:6/5;8192:9/7;16384:2/1
exp_threshold,998244353,16384,128,prefix,harvey_dense,2454,2438,2553,1,5,337,2197012,2:5/5;4:9/7;8:9/7;16:9/7;32:9/7;64:9/7;128:9/7;256:9/7;512:7/4;1024:111/93
exp_threshold,998244353,16384,200,prefix,current_sparse,3337,3245,3571,1,5,0,0,
exp_threshold,998244353,16384,200,prefix,optimized_sparse,2111,2075,2161,1,5,0,0,
exp_threshold,998244353,16384,200,prefix,previous_dense,3544,3464,3583,1,5,154,3997718,1:1/2;2:6/5;4:6/5;8:6/5;16:6/5;32:6/5;64:6/5;128:6/5;256:6/5;512:6/5;1024:6/5;2048:6/5;4096:6/5;8192:6/5;16384:5/3
exp_threshold,998244353,16384,200,prefix,new_dense,2834,2756,2919,1,5,145,3383306,2:2/3;4:6/5;8:6/5;16:6/5;32:6/5;64:6/5;128:6/5;256:6/5;512:6/5;1024:6/5;2048:6/5;4096:6/5;8192:9/7;16384:2/1
exp_threshold,998244353,16384,200,prefix,harvey_dense,2467,2401,2609,1,5,337,2197012,2:5/5;4:9/7;8:9/7;16:9/7;32:9/7;64:9/7;128:9/7;256:9/7;512:7/4;1024:111/93
exp_threshold,998244353,16384,256,prefix,current_sparse,4180,4161,4201,1,5,0,0,
exp_threshold,998244353,16384,256,prefix,optimized_sparse,2614,2606,2633,1,5,0,0,
exp_threshold,998244353,16384,256,prefix,previous_dense,3382,3376,3387,1,5,154,3997718,1:1/2;2:6/5;4:6/5;8:6/5;16:6/5;32:6/5;64:6/5;128:6/5;256:6/5;512:6/5;1024:6/5;2048:6/5;4096:6/5;8192:6/5;16384:5/3
exp_threshold,998244353,16384,256,prefix,new_dense,2751,2731,2794,1,5,145,3383306,2:2/3;4:6/5;8:6/5;16:6/5;32:6/5;64:6/5;128:6/5;256:6/5;512:6/5;1024:6/5;2048:6/5;4096:6/5;8192:9/7;16384:2/1
exp_threshold,998244353,16384,256,prefix,harvey_dense,2397,2389,2447,1,5,337,2197012,2:5/5;4:9/7;8:9/7;16:9/7;32:9/7;64:9/7;128:9/7;256:9/7;512:7/4;1024:111/93
exp_threshold,998244353,16384,320,prefix,current_sparse,5049,5012,5058,1,5,0,0,
exp_threshold,998244353,16384,320,prefix,optimized_sparse,3257,3238,3261,1,5,0,0,
exp_threshold,998244353,16384,320,prefix,previous_dense,3404,3390,3442,1,5,154,3997718,1:1/2;2:6/5;4:6/5;8:6/5;16:6/5;32:6/5;64:6/5;128:6/5;256:6/5;512:6/5;1024:6/5;2048:6/5;4096:6/5;8192:6/5;16384:5/3
exp_threshold,998244353,16384,320,prefix,new_dense,2776,2737,2799,1,5,145,3383306,2:2/3;4:6/5;8:6/5;16:6/5;32:6/5;64:6/5;128:6/5;256:6/5;512:6/5;1024:6/5;2048:6/5;4096:6/5;8192:9/7;16384:2/1
exp_threshold,998244353,16384,320,prefix,harvey_dense,2404,2386,2418,1,5,337,2197012,2:5/5;4:9/7;8:9/7;16:9/7;32:9/7;64:9/7;128:9/7;256:9/7;512:7/4;1024:111/93
exp_threshold,998244353,16384,512,prefix,current_sparse,7980,7973,8003,1,5,0,0,
exp_threshold,998244353,16384,512,prefix,optimized_sparse,5059,5039,5125,1,5,0,0,
exp_threshold,998244353,16384,512,prefix,previous_dense,3376,3368,3408,1,5,154,3997718,1:1/2;2:6/5;4:6/5;8:6/5;16:6/5;32:6/5;64:6/5;128:6/5;256:6/5;512:6/5;1024:6/5;2048:6/5;4096:6/5;8192:6/5;16384:5/3
exp_threshold,998244353,16384,512,prefix,new_dense,2737,2733,2759,1,5,145,3383306,2:2/3;4:6/5;8:6/5;16:6/5;32:6/5;64:6/5;128:6/5;256:6/5;512:6/5;1024:6/5;2048:6/5;4096:6/5;8192:9/7;16384:2/1
exp_threshold,998244353,16384,512,prefix,harvey_dense,2392,2381,2406,1,5,337,2197012,2:5/5;4:9/7;8:9/7;16:9/7;32:9/7;64:9/7;128:9/7;256:9/7;512:7/4;1024:111/93
exp_threshold,998244353,16384,64,spread,current_sparse,974,970.5,1020.5,2,5,0,0,
exp_threshold,998244353,16384,64,spread,optimized_sparse,418.75,415.75,423.25,4,5,0,0,
exp_threshold,998244353,16384,64,spread,previous_dense,3486,3473,3506,1,5,154,3997718,1:1/2;2:6/5;4:6/5;8:6/5;16:6/5;32:6/5;64:6/5;128:6/5;256:6/5;512:6/5;1024:6/5;2048:6/5;4096:6/5;8192:6/5;16384:5/3
exp_threshold,998244353,16384,64,spread,new_dense,2838,2804,2901,1,5,145,3383306,2:2/3;4:6/5;8:6/5;16:6/5;32:6/5;64:6/5;128:6/5;256:6/5;512:6/5;1024:6/5;2048:6/5;4096:6/5;8192:9/7;16384:2/1
exp_threshold,998244353,16384,64,spread,harvey_dense,2412,2391,2448,1,5,292,2156042,2:2/3;4:6/5;8:6/5;16:6/5;32:6/5;64:6/5;128:6/5;256:6/5;512:4/2;1024:111/93
exp_threshold,998244353,16384,100,spread,current_sparse,1447,1445,1467,1,5,0,0,
exp_threshold,998244353,16384,100,spread,optimized_sparse,588,587.667,588.333,3,5,0,0,
exp_threshold,998244353,16384,100,spread,previous_dense,3370,3366,3434,1,5,154,3997718,1:1/2;2:6/5;4:6/5;8:6/5;16:6/5;32:6/5;64:6/5;128:6/5;256:6/5;512:6/5;1024:6/5;2048:6/5;4096:6/5;8192:6/5;16384:5/3
exp_threshold,998244353,16384,100,spread,new_dense,2739,2738,2763,1,5,145,3383306,2:2/3;4:6/5;8:6/5;16:6/5;32:6/5;64:6/5;128:6/5;256:6/5;512:6/5;1024:6/5;2048:6/5;4096:6/5;8192:9/7;16384:2/1
exp_threshold,998244353,16384,100,spread,harvey_dense,2353,2340,2364,1,5,292,2156042,2:2/3;4:6/5;8:6/5;16:6/5;32:6/5;64:6/5;128:6/5;256:6/5;512:4/2;1024:111/93
exp_threshold,998244353,16384,128,spread,current_sparse,1859,1855,2002,1,5,0,0,
exp_threshold,998244353,16384,128,spread,optimized_sparse,729,724.5,741,2,5,0,0,
exp_threshold,998244353,16384,128,spread,previous_dense,3468,3442,3533,1,5,154,3997718,1:1/2;2:6/5;4:6/5;8:6/5;16:6/5;32:6/5;64:6/5;128:6/5;256:6/5;512:6/5;1024:6/5;2048:6/5;4096:6/5;8192:6/5;16384:5/3
exp_threshold,998244353,16384,128,spread,new_dense,2840,2836,2926,1,5,145,3383306,2:2/3;4:6/5;8:6/5;16:6/5;32:6/5;64:6/5;128:6/5;256:6/5;512:6/5;1024:6/5;2048:6/5;4096:6/5;8192:9/7;16384:2/1
exp_threshold,998244353,16384,128,spread,harvey_dense,2412,2396,2477,1,5,292,2156042,2:2/3;4:6/5;8:6/5;16:6/5;32:6/5;64:6/5;128:6/5;256:6/5;512:4/2;1024:111/93
exp_threshold,998244353,16384,200,spread,current_sparse,2843,2817,3152,1,5,0,0,
exp_threshold,998244353,16384,200,spread,optimized_sparse,1064,1049,1070,1,5,0,0,
exp_threshold,998244353,16384,200,spread,previous_dense,3477,3443,3525,1,5,154,3997718,1:1/2;2:6/5;4:6/5;8:6/5;16:6/5;32:6/5;64:6/5;128:6/5;256:6/5;512:6/5;1024:6/5;2048:6/5;4096:6/5;8192:6/5;16384:5/3
exp_threshold,998244353,16384,200,spread,new_dense,2818,2799,2968,1,5,145,3383306,2:2/3;4:6/5;8:6/5;16:6/5;32:6/5;64:6/5;128:6/5;256:6/5;512:6/5;1024:6/5;2048:6/5;4096:6/5;8192:9/7;16384:2/1
exp_threshold,998244353,16384,200,spread,harvey_dense,2432,2398,2513,1,5,292,2156042,2:2/3;4:6/5;8:6/5;16:6/5;32:6/5;64:6/5;128:6/5;256:6/5;512:4/2;1024:111/93
exp_threshold,998244353,16384,256,spread,current_sparse,3533,3488,3932,1,5,0,0,
exp_threshold,998244353,16384,256,spread,optimized_sparse,1326,1299,1346,1,5,0,0,
exp_threshold,998244353,16384,256,spread,previous_dense,3387,3373,3505,1,5,154,3997718,1:1/2;2:6/5;4:6/5;8:6/5;16:6/5;32:6/5;64:6/5;128:6/5;256:6/5;512:6/5;1024:6/5;2048:6/5;4096:6/5;8192:6/5;16384:5/3
exp_threshold,998244353,16384,256,spread,new_dense,2808,2786,2926,1,5,145,3383306,2:2/3;4:6/5;8:6/5;16:6/5;32:6/5;64:6/5;128:6/5;256:6/5;512:6/5;1024:6/5;2048:6/5;4096:6/5;8192:9/7;16384:2/1
exp_threshold,998244353,16384,256,spread,harvey_dense,2367,2346,2943,1,5,292,2156042,2:2/3;4:6/5;8:6/5;16:6/5;32:6/5;64:6/5;128:6/5;256:6/5;512:4/2;1024:111/93
exp_threshold,998244353,16384,320,spread,current_sparse,4353,4325,4924,1,5,0,0,
exp_threshold,998244353,16384,320,spread,optimized_sparse,1653,1631,1658,1,5,0,0,
exp_threshold,998244353,16384,320,spread,previous_dense,3388,3376,3399,1,5,154,3997718,1:1/2;2:6/5;4:6/5;8:6/5;16:6/5;32:6/5;64:6/5;128:6/5;256:6/5;512:6/5;1024:6/5;2048:6/5;4096:6/5;8192:6/5;16384:5/3
exp_threshold,998244353,16384,320,spread,new_dense,2798,2773,2804,1,5,145,3383306,2:2/3;4:6/5;8:6/5;16:6/5;32:6/5;64:6/5;128:6/5;256:6/5;512:6/5;1024:6/5;2048:6/5;4096:6/5;8192:9/7;16384:2/1
exp_threshold,998244353,16384,320,spread,harvey_dense,2377,2348,2437,1,5,292,2156042,2:2/3;4:6/5;8:6/5;16:6/5;32:6/5;64:6/5;128:6/5;256:6/5;512:4/2;1024:111/93
exp_threshold,998244353,16384,512,spread,current_sparse,6765,6745,8194,1,5,0,0,
exp_threshold,998244353,16384,512,spread,optimized_sparse,2625,2581,2661,1,5,0,0,
exp_threshold,998244353,16384,512,spread,previous_dense,3410,3368,3504,1,5,154,3997718,1:1/2;2:6/5;4:6/5;8:6/5;16:6/5;32:6/5;64:6/5;128:6/5;256:6/5;512:6/5;1024:6/5;2048:6/5;4096:6/5;8192:6/5;16384:5/3
exp_threshold,998244353,16384,512,spread,new_dense,2757,2747,2929,1,5,145,3383306,2:2/3;4:6/5;8:6/5;16:6/5;32:6/5;64:6/5;128:6/5;256:6/5;512:6/5;1024:6/5;2048:6/5;4096:6/5;8192:9/7;16384:2/1
exp_threshold,998244353,16384,512,spread,harvey_dense,2398,2380,2480,1,5,337,2197012,2:5/5;4:9/7;8:9/7;16:9/7;32:9/7;64:9/7;128:9/7;256:9/7;512:7/4;1024:111/93
exp_threshold,998244353,16384,64,suffix,current_sparse,735.5,726,752,2,5,0,0,
exp_threshold,998244353,16384,64,suffix,optimized_sparse,72.2222,71.2222,77.7037,27,5,0,0,
exp_threshold,998244353,16384,64,suffix,previous_dense,3439,3418,3536,1,5,154,3997718,1:1/2;2:6/5;4:6/5;8:6/5;16:6/5;32:6/5;64:6/5;128:6/5;256:6/5;512:6/5;1024:6/5;2048:6/5;4096:6/5;8192:6/5;16384:5/3
exp_threshold,998244353,16384,64,suffix,new_dense,2837,2795,2857,1,5,145,3383306,2:2/3;4:6/5;8:6/5;16:6/5;32:6/5;64:6/5;128:6/5;256:6/5;512:6/5;1024:6/5;2048:6/5;4096:6/5;8192:9/7;16384:2/1
exp_threshold,998244353,16384,64,suffix,harvey_dense,2394,2363,2427,1,5,292,2156042,2:2/3;4:6/5;8:6/5;16:6/5;32:6/5;64:6/5;128:6/5;256:6/5;512:4/2;1024:111/93
exp_threshold,998244353,16384,100,suffix,current_sparse,1102,1095,1108,1,5,0,0,
exp_threshold,998244353,16384,100,suffix,optimized_sparse,73.9259,73.5185,74.7407,27,5,0,0,
exp_threshold,998244353,16384,100,suffix,previous_dense,3425,3403,3438,1,5,154,3997718,1:1/2;2:6/5;4:6/5;8:6/5;16:6/5;32:6/5;64:6/5;128:6/5;256:6/5;512:6/5;1024:6/5;2048:6/5;4096:6/5;8192:6/5;16384:5/3
exp_threshold,998244353,16384,100,suffix,new_dense,2789,2770,2816,1,5,145,3383306,2:2/3;4:6/5;8:6/5;16:6/5;32:6/5;64:6/5;128:6/5;256:6/5;512:6/5;1024:6/5;2048:6/5;4096:6/5;8192:9/7;16384:2/1
exp_threshold,998244353,16384,100,suffix,harvey_dense,2362,2348,2418,1,5,292,2156042,2:2/3;4:6/5;8:6/5;16:6/5;32:6/5;64:6/5;128:6/5;256:6/5;512:4/2;1024:111/93
exp_threshold,998244353,16384,128,suffix,current_sparse,1349,1344,1538,1,5,0,0,
exp_threshold,998244353,16384,128,suffix,optimized_sparse,75.9615,75.3846,119.269,26,5,0,0,
exp_threshold,998244353,16384,128,suffix,previous_dense,3423,3411,3553,1,5,154,3997718,1:1/2;2:6/5;4:6/5;8:6/5;16:6/5;32:6/5;64:6/5;128:6/5;256:6/5;512:6/5;1024:6/5;2048:6/5;4096:6/5;8192:6/5;16384:5/3
exp_threshold,998244353,16384,128,suffix,new_dense,2818,2766,2886,1,5,145,3383306,2:2/3;4:6/5;8:6/5;16:6/5;32:6/5;64:6/5;128:6/5;256:6/5;512:6/5;1024:6/5;2048:6/5;4096:6/5;8192:9/7;16384:2/1
exp_threshold,998244353,16384,128,suffix,harvey_dense,2375,2365,2455,1,5,292,2156042,2:2/3;4:6/5;8:6/5;16:6/5;32:6/5;64:6/5;128:6/5;256:6/5;512:4/2;1024:111/93
exp_threshold,998244353,16384,200,suffix,current_sparse,2058,1953,2094,1,5,0,0,
exp_threshold,998244353,16384,200,suffix,optimized_sparse,85.5217,84.087,86.3478,23,5,0,0,
exp_threshold,998244353,16384,200,suffix,previous_dense,3476,3448,3676,1,5,154,3997718,1:1/2;2:6/5;4:6/5;8:6/5;16:6/5;32:6/5;64:6/5;128:6/5;256:6/5;512:6/5;1024:6/5;2048:6/5;4096:6/5;8192:6/5;16384:5/3
exp_threshold,998244353,16384,200,suffix,new_dense,2873,2817,3293,1,5,145,3383306,2:2/3;4:6/5;8:6/5;16:6/5;32:6/5;64:6/5;128:6/5;256:6/5;512:6/5;1024:6/5;2048:6/5;4096:6/5;8192:9/7;16384:2/1
exp_threshold,998244353,16384,200,suffix,harvey_dense,2482,2372,2625,1,5,292,2156042,2:2/3;4:6/5;8:6/5;16:6/5;32:6/5;64:6/5;128:6/5;256:6/5;512:4/2;1024:111/93
exp_threshold,998244353,16384,256,suffix,current_sparse,2454,2448,2522,1,5,0,0,
exp_threshold,998244353,16384,256,suffix,optimized_sparse,90.3684,89.6842,92.2105,19,5,0,0,
exp_threshold,998244353,16384,256,suffix,previous_dense,3386,3348,3481,1,5,154,3997718,1:1/2;2:6/5;4:6/5;8:6/5;16:6/5;32:6/5;64:6/5;128:6/5;256:6/5;512:6/5;1024:6/5;2048:6/5;4096:6/5;8192:6/5;16384:5/3
exp_threshold,998244353,16384,256,suffix,new_dense,2714,2713,2809,1,5,145,3383306,2:2/3;4:6/5;8:6/5;16:6/5;32:6/5;64:6/5;128:6/5;256:6/5;512:6/5;1024:6/5;2048:6/5;4096:6/5;8192:9/7;16384:2/1
exp_threshold,998244353,16384,256,suffix,harvey_dense,2330,2307,2463,1,5,292,2156042,2:2/3;4:6/5;8:6/5;16:6/5;32:6/5;64:6/5;128:6/5;256:6/5;512:4/2;1024:111/93
exp_threshold,998244353,16384,320,suffix,current_sparse,3085,3051,3151,1,5,0,0,
exp_threshold,998244353,16384,320,suffix,optimized_sparse,104.211,101.737,105.526,19,5,0,0,
exp_threshold,998244353,16384,320,suffix,previous_dense,3436,3346,3475,1,5,154,3997718,1:1/2;2:6/5;4:6/5;8:6/5;16:6/5;32:6/5;64:6/5;128:6/5;256:6/5;512:6/5;1024:6/5;2048:6/5;4096:6/5;8192:6/5;16384:5/3
exp_threshold,998244353,16384,320,suffix,new_dense,2787,2768,2849,1,5,145,3383306,2:2/3;4:6/5;8:6/5;16:6/5;32:6/5;64:6/5;128:6/5;256:6/5;512:6/5;1024:6/5;2048:6/5;4096:6/5;8192:9/7;16384:2/1
exp_threshold,998244353,16384,320,suffix,harvey_dense,2401,2359,2431,1,5,292,2156042,2:2/3;4:6/5;8:6/5;16:6/5;32:6/5;64:6/5;128:6/5;256:6/5;512:4/2;1024:111/93
exp_threshold,998244353,16384,512,suffix,current_sparse,4823,4805,5022,1,5,0,0,
exp_threshold,998244353,16384,512,suffix,optimized_sparse,154.667,154,158.167,12,5,0,0,
exp_threshold,998244353,16384,512,suffix,previous_dense,3454,3418,3644,1,5,154,3997718,1:1/2;2:6/5;4:6/5;8:6/5;16:6/5;32:6/5;64:6/5;128:6/5;256:6/5;512:6/5;1024:6/5;2048:6/5;4096:6/5;8192:6/5;16384:5/3
exp_threshold,998244353,16384,512,suffix,new_dense,2828,2772,2878,1,5,145,3383306,2:2/3;4:6/5;8:6/5;16:6/5;32:6/5;64:6/5;128:6/5;256:6/5;512:6/5;1024:6/5;2048:6/5;4096:6/5;8192:9/7;16384:2/1
exp_threshold,998244353,16384,512,suffix,harvey_dense,2360,2355,2374,1,5,292,2156042,2:2/3;4:6/5;8:6/5;16:6/5;32:6/5;64:6/5;128:6/5;256:6/5;512:4/2;1024:111/93
