suite,mod,n,points,layout,variant,median_us,min_us,max_us,iterations,rounds,ntt_calls,ntt_weight,transforms,kernels
inv,998244353,512,0,dense,baseline,46.325,46.025,46.85,40,5,45,40970,2:3/2;4:3/2;8:3/2;16:3/2;32:3/2;64:3/2;128:3/2;256:3/2;512:3/2,998244353@2:3/2;998244353@4:3/2;998244353@8:3/2;998244353@16:3/2;998244353@32:3/2;998244353@64:3/2;998244353@128:3/2;998244353@256:3/2;998244353@512:3/2
inv,998244353,512,0,dense,adopted,46.3571,45.6905,46.881,42,5,45,40970,2:3/2;4:3/2;8:3/2;16:3/2;32:3/2;64:3/2;128:3/2;256:3/2;512:3/2,998244353@2:3/2;998244353@4:3/2;998244353@8:3/2;998244353@16:3/2;998244353@32:3/2;998244353@64:3/2;998244353@128:3/2;998244353@256:3/2;998244353@512:3/2
sqrt,998244353,512,0,dense,baseline,155.308,149.231,157.538,13,5,57,94346,2:3/2;4:3/2;8:3/2;16:3/2;32:3/2;64:3/2;128:5/3;256:5/3;512:5/3;1024:2/1,998244353@2:3/2;998244353@4:3/2;998244353@8:3/2;998244353@16:3/2;998244353@32:3/2;998244353@64:3/2;998244353@128:5/3;998244353@256:5/3;998244353@512:5/3;998244353@1024:2/1
sqrt,998244353,512,0,dense,adopted,48.8718,48.0256,50.2051,39,5,61,23424,64:31/30,998244353@64:31/30
exp,998244353,512,0,dense,baseline,115.294,113.353,120.118,17,5,108,79896,1:2/2;2:7/5;4:7/5;8:7/5;16:7/5;32:7/5;64:7/5;128:7/5;256:7/5;512:5/3,998244353@1:2/2;998244353@2:7/5;998244353@4:7/5;998244353@8:7/5;998244353@16:7/5;998244353@32:7/5;998244353@64:7/5;998244353@128:7/5;998244353@256:7/5;998244353@512:5/3
exp,998244353,512,0,dense,adopted,74.8846,72.1154,75.0769,26,5,105,47786,2:2/3;4:6/5;8:6/5;16:6/5;32:9/7;64:2/1;128:27/21,998244353@2:2/3;998244353@4:6/5;998244353@8:6/5;998244353@16:6/5;998244353@32:9/7;998244353@64:2/1;998244353@128:27/21
pow,998244353,512,0,dense,baseline,199,198.778,203.444,9,5,156,151586,1:2/2;2:10/7;4:10/7;8:10/7;16:10/7;32:10/7;64:10/7;128:10/7;256:10/7;512:8/5;1024:2/1,998244353@1:2/2;998244353@2:10/7;998244353@4:10/7;998244353@8:10/7;998244353@16:10/7;998244353@32:10/7;998244353@64:10/7;998244353@128:10/7;998244353@256:10/7;998244353@512:8/5;998244353@1024:2/1
pow,998244353,512,0,dense,adopted,160,155.5,174.667,12,5,153,119476,2:5/5;4:9/7;8:9/7;16:9/7;32:12/9;64:5/3;128:30/23;256:3/2;512:3/2;1024:2/1,998244353@2:5/5;998244353@4:9/7;998244353@8:9/7;998244353@16:9/7;998244353@32:12/9;998244353@64:5/3;998244353@128:30/23;998244353@256:3/2;998244353@512:3/2;998244353@1024:2/1
composition,998244353,512,0,dense,baseline,538.667,538,541.667,3,5,36,589824,1024:9/9;2048:9/9,998244353@1024:9/9;998244353@2048:9/9
composition,998244353,512,0,dense,adopted,538.667,538.333,547.667,3,5,36,589824,1024:9/9;2048:9/9,998244353@1024:9/9;998244353@2048:9/9
multipoint,998244353,512,512,random,baseline,631.333,624.667,660,3,5,185,266260,2:6/4;4:6/4;8:6/4;16:6/4;32:6/4;64:6/4;128:38/20;256:30/16;512:12/6;1024:2/1,998244353@2:6/4;998244353@4:6/4;998244353@8:6/4;998244353@16:6/4;998244353@32:6/4;998244353@64:6/4;998244353@128:38/20;998244353@256:30/16;998244353@512:12/6;998244353@1024:2/1
multipoint,998244353,512,512,random,adopted,316,313.667,323.167,6,5,90,145418,2:3/2;4:3/2;8:3/2;16:3/2;32:3/2;64:3/2;128:15/14;256:9/8;512:6/5;1024:2/1,998244353@2:3/2;998244353@4:3/2;998244353@8:3/2;998244353@16:3/2;998244353@32:3/2;998244353@64:3/2;998244353@128:15/14;998244353@256:9/8;998244353@512:6/5;998244353@1024:2/1
interpolation,998244353,512,512,distinct,baseline,1533,1530,1547,1,5,255,481300,2:6/4;4:6/4;8:6/4;16:6/4;32:6/4;64:6/4;128:46/28;256:50/28;512:22/12;1024:6/3,998244353@2:6/4;998244353@4:6/4;998244353@8:6/4;998244353@16:6/4;998244353@32:6/4;998244353@64:6/4;998244353@128:46/28;998244353@256:50/28;998244353@512:22/12;998244353@1024:6/3
interpolation,998244353,512,512,distinct,adopted,527.667,522.333,541.667,3,5,111,182282,2:3/2;4:3/2;8:3/2;16:3/2;32:3/2;64:3/2;128:23/18;256:13/10;512:8/6;1024:2/1,998244353@2:3/2;998244353@4:3/2;998244353@8:3/2;998244353@16:3/2;998244353@32:3/2;998244353@64:3/2;998244353@128:23/18;998244353@256:13/10;998244353@512:8/6;998244353@1024:2/1
inv,998244353,4096,0,dense,baseline,382,380.6,383.4,5,5,60,450570,2:3/2;4:3/2;8:3/2;16:3/2;32:3/2;64:3/2;128:3/2;256:3/2;512:3/2;1024:3/2;2048:3/2;4096:3/2,998244353@2:3/2;998244353@4:3/2;998244353@8:3/2;998244353@16:3/2;998244353@32:3/2;998244353@64:3/2;998244353@128:3/2;998244353@256:3/2;998244353@512:3/2;998244353@1024:3/2;998244353@2048:3/2;998244353@4096:3/2
inv,998244353,4096,0,dense,adopted,380.8,378,390.8,5,5,60,450570,2:3/2;4:3/2;8:3/2;16:3/2;32:3/2;64:3/2;128:3/2;256:3/2;512:3/2;1024:3/2;2048:3/2;4096:3/2,998244353@2:3/2;998244353@4:3/2;998244353@8:3/2;998244353@16:3/2;998244353@32:3/2;998244353@64:3/2;998244353@128:3/2;998244353@256:3/2;998244353@512:3/2;998244353@1024:3/2;998244353@2048:3/2;998244353@4096:3/2
sqrt,998244353,4096,0,dense,baseline,1302,1276,1318,1,5,231,1376424,2:12/8;4:12/8;8:12/8;16:12/8;32:12/8;64:12/8;128:14/9;256:14/9;512:14/9;1024:11/7;2048:8/5;4096:5/3;8192:2/1,998244353@2:12/8;998244353@4:12/8;998244353@8:12/8;998244353@16:12/8;998244353@32:12/8;998244353@64:12/8;998244353@128:14/9;998244353@256:14/9;998244353@512:14/9;998244353@1024:11/7;998244353@2048:8/5;998244353@4096:5/3;998244353@8192:2/1
sqrt,998244353,4096,0,dense,adopted,383,382,390.6,5,5,111,313738,2:3/2;4:3/2;8:3/2;16:3/2;32:3/2;64:3/2;128:6/4;256:6/4;512:31/30,998244353@2:3/2;998244353@4:3/2;998244353@8:3/2;998244353@16:3/2;998244353@32:3/2;998244353@64:3/2;998244353@128:6/4;998244353@256:6/4;998244353@512:31/30
exp,998244353,4096,0,dense,baseline,918,912.5,925,2,5,144,884760,1:2/2;2:7/5;4:7/5;8:7/5;16:7/5;32:7/5;64:7/5;128:7/5;256:7/5;512:7/5;1024:7/5;2048:7/5;4096:5/3,998244353@1:2/2;998244353@2:7/5;998244353@4:7/5;998244353@8:7/5;998244353@16:7/5;998244353@32:7/5;998244353@64:7/5;998244353@128:7/5;998244353@256:7/5;998244353@512:7/5;998244353@1024:7/5;998244353@2048:7/5;998244353@4096:5/3
exp,998244353,4096,0,dense,adopted,586,584.333,596,3,5,183,595988,2:5/5;4:9/7;8:9/7;16:9/7;32:9/7;64:9/7;128:9/7;256:12/9;512:5/3;1024:27/21,998244353@2:5/5;998244353@4:9/7;998244353@8:9/7;998244353@16:9/7;998244353@32:9/7;998244353@64:9/7;998244353@128:9/7;998244353@256:12/9;998244353@512:5/3;998244353@1024:27/21
pow,998244353,4096,0,dense,baseline,1609,1601,1663,1,5,207,1654818,1:2/2;2:10/7;4:10/7;8:10/7;16:10/7;32:10/7;64:10/7;128:10/7;256:10/7;512:10/7;1024:10/7;2048:10/7;4096:8/5;8192:2/1,998244353@1:2/2;998244353@2:10/7;998244353@4:10/7;998244353@8:10/7;998244353@16:10/7;998244353@32:10/7;998244353@64:10/7;998244353@128:10/7;998244353@256:10/7;998244353@512:10/7;998244353@1024:10/7;998244353@2048:10/7;998244353@4096:8/5;998244353@8192:2/1
pow,998244353,4096,0,dense,adopted,1294,1276,1370,1,5,246,1366046,2:8/7;4:12/9;8:12/9;16:12/9;32:12/9;64:12/9;128:12/9;256:15/11;512:8/5;1024:30/23;2048:3/2;4096:3/2;8192:2/1,998244353@2:8/7;998244353@4:12/9;998244353@8:12/9;998244353@16:12/9;998244353@32:12/9;998244353@64:12/9;998244353@128:12/9;998244353@256:15/11;998244353@512:8/5;998244353@1024:30/23;998244353@2048:3/2;998244353@4096:3/2;998244353@8192:2/1
composition,998244353,4096,0,dense,baseline,6501,6473,6811,1,5,48,8060928,8192:12/12;16384:12/12,998244353@8192:12/12;998244353@16384:12/12
composition,998244353,4096,0,dense,adopted,6428,6318,6674,1,5,48,8060928,8192:12/12;16384:12/12,998244353@8192:12/12;998244353@16384:12/12
multipoint,998244353,4096,4096,random,baseline,8737,8525,9268,1,5,2255,5742892,2:90/60;4:90/60;8:90/60;16:90/60;32:90/60;64:90/60;128:346/188;256:282/156;512:138/76;1024:66/36;2048:30/16;4096:12/6;8192:2/1,998244353@2:90/60;998244353@4:90/60;998244353@8:90/60;998244353@16:90/60;998244353@32:90/60;998244353@64:90/60;998244353@128:346/188;998244353@256:282/156;998244353@512:138/76;998244353@1024:66/36;998244353@2048:30/16;998244353@4096:12/6;998244353@8192:2/1
multipoint,998244353,4096,4096,random,adopted,3339,3313,3458,1,5,441,2170890,2:3/2;4:3/2;8:3/2;16:3/2;32:3/2;64:3/2;128:99/98;256:51/50;512:27/26;1024:15/14;2048:9/8;4096:6/5;8192:2/1,998244353@2:3/2;998244353@4:3/2;998244353@8:3/2;998244353@16:3/2;998244353@32:3/2;998244353@64:3/2;998244353@128:99/98;998244353@256:51/50;998244353@512:27/26;998244353@1024:15/14;998244353@2048:9/8;998244353@4096:6/5;998244353@8192:2/1
interpolation,998244353,4096,4096,distinct,baseline,17809,17510,18331,1,5,2885,9773356,2:90/60;4:90/60;8:90/60;16:90/60;32:90/60;64:90/60;128:410/252;256:442/252;512:218/124;1024:106/60;2048:50/28;4096:22/12;8192:6/3,998244353@2:90/60;998244353@4:90/60;998244353@8:90/60;998244353@16:90/60;998244353@32:90/60;998244353@64:90/60;998244353@128:410/252;998244353@256:442/252;998244353@512:218/124;998244353@1024:106/60;998244353@2048:50/28;998244353@4096:22/12;998244353@8192:6/3
interpolation,998244353,4096,4096,distinct,adopted,5320,5264,5477,1,5,630,2871306,2:3/2;4:3/2;8:3/2;16:3/2;32:3/2;64:3/2;128:163/130;256:83/66;512:43/34;1024:23/18;2048:13/10;4096:8/6;8192:2/1,998244353@2:3/2;998244353@4:3/2;998244353@8:3/2;998244353@16:3/2;998244353@32:3/2;998244353@64:3/2;998244353@128:163/130;998244353@256:83/66;998244353@512:43/34;998244353@1024:23/18;998244353@2048:13/10;998244353@4096:8/6;998244353@8192:2/1
inv,998244353,4097,0,dense,baseline,838,830,861.5,2,5,65,983050,2:3/2;4:3/2;8:3/2;16:3/2;32:3/2;64:3/2;128:3/2;256:3/2;512:3/2;1024:3/2;2048:3/2;4096:3/2;8192:3/2,998244353@2:3/2;998244353@4:3/2;998244353@8:3/2;998244353@16:3/2;998244353@32:3/2;998244353@64:3/2;998244353@128:3/2;998244353@256:3/2;998244353@512:3/2;998244353@1024:3/2;998244353@2048:3/2;998244353@4096:3/2;998244353@8192:3/2
inv,998244353,4097,0,dense,adopted,473.25,464.25,483.5,4,5,86,460810,2:3/2;4:3/2;8:3/2;16:3/2;32:3/2;64:3/2;128:3/2;256:3/2;512:3/2;1024:25/16,998244353@2:3/2;998244353@4:3/2;998244353@8:3/2;998244353@16:3/2;998244353@32:3/2;998244353@64:3/2;998244353@128:3/2;998244353@256:3/2;998244353@512:3/2;998244353@1024:25/16
sqrt,998244353,4097,0,dense,baseline,2699,2665,2752,1,5,299,3047602,2:15/10;4:15/10;8:15/10;16:15/10;32:15/10;64:15/10;128:17/11;256:17/11;512:17/11;1024:14/9;2048:11/7;4096:8/5;8192:5/3;16384:2/1,998244353@2:15/10;998244353@4:15/10;998244353@8:15/10;998244353@16:15/10;998244353@32:15/10;998244353@64:15/10;998244353@128:17/11;998244353@256:17/11;998244353@512:17/11;998244353@1024:14/9;998244353@2048:11/7;998244353@4096:8/5;998244353@8192:5/3;998244353@16384:2/1
sqrt,998244353,4097,0,dense,adopted,466.75,458.75,478.5,4,5,133,434580,2:6/4;4:6/4;8:6/4;16:6/4;32:6/4;64:6/4;128:9/6;256:9/6;512:6/4;1024:17/16,998244353@2:6/4;998244353@4:6/4;998244353@8:6/4;998244353@16:6/4;998244353@32:6/4;998244353@64:6/4;998244353@128:9/6;998244353@256:9/6;998244353@512:6/4;998244353@1024:17/16
exp,998244353,4097,0,dense,baseline,1904,1856,2006,1,5,156,1933336,1:2/2;2:7/5;4:7/5;8:7/5;16:7/5;32:7/5;64:7/5;128:7/5;256:7/5;512:7/5;1024:7/5;2048:7/5;4096:7/5;8192:5/3,998244353@1:2/2;998244353@2:7/5;998244353@4:7/5;998244353@8:7/5;998244353@16:7/5;998244353@32:7/5;998244353@64:7/5;998244353@128:7/5;998244353@256:7/5;998244353@512:7/5;998244353@1024:7/5;998244353@2048:7/5;998244353@4096:7/5;998244353@8192:5/3
exp,998244353,4097,0,dense,adopted,681,674,691,2,5,233,570772,2:5/5;4:9/7;8:9/7;16:9/7;32:9/7;64:9/7;128:12/9;256:5/3;512:66/48,998244353@2:5/5;998244353@4:9/7;998244353@8:9/7;998244353@16:9/7;998244353@32:9/7;998244353@64:9/7;998244353@128:12/9;998244353@256:5/3;998244353@512:66/48
pow,998244353,4097,0,dense,baseline,2676,2617,2853,1,5,219,2703394,1:2/2;2:10/7;4:10/7;8:10/7;16:10/7;32:10/7;64:10/7;128:10/7;256:10/7;512:10/7;1024:10/7;2048:10/7;4096:10/7;8192:7/4,998244353@1:2/2;998244353@2:10/7;998244353@4:10/7;998244353@8:10/7;998244353@16:10/7;998244353@32:10/7;998244353@64:10/7;998244353@128:10/7;998244353@256:10/7;998244353@512:10/7;998244353@1024:10/7;998244353@2048:10/7;998244353@4096:10/7;998244353@8192:7/4
pow,998244353,4097,0,dense,adopted,1424,1395,1565,1,5,296,1340830,2:8/7;4:12/9;8:12/9;16:12/9;32:12/9;64:12/9;128:15/11;256:8/5;512:69/50;1024:3/2;2048:3/2;4096:3/2;8192:2/1,998244353@2:8/7;998244353@4:12/9;998244353@8:12/9;998244353@16:12/9;998244353@32:12/9;998244353@64:12/9;998244353@128:15/11;998244353@256:8/5;998244353@512:69/50;998244353@1024:3/2;998244353@2048:3/2;998244353@4096:3/2;998244353@8192:2/1
composition,998244353,4097,0,dense,baseline,15557,15242,15822,1,5,52,18743296,16384:13/13;32768:13/13,998244353@16384:13/13;998244353@32768:13/13
composition,998244353,4097,0,dense,adopted,15551,15002,15842,1,5,52,18743296,16384:13/13;32768:13/13,998244353@16384:13/13;998244353@32768:13/13
multipoint,998244353,4097,4097,random,baseline,9873,9660,10749,1,5,2258,6062380,2:90/60;4:90/60;8:90/60;16:90/60;32:90/60;64:90/60;128:346/188;256:282/156;512:138/76;1024:66/36;2048:30/16;4096:12/6;8192:4/2,998244353@2:90/60;998244353@4:90/60;998244353@8:90/60;998244353@16:90/60;998244353@32:90/60;998244353@64:90/60;998244353@128:346/188;998244353@256:282/156;998244353@512:138/76;998244353@1024:66/36;998244353@2048:30/16;998244353@4096:12/6;998244353@8192:4/2
multipoint,998244353,4097,4097,random,adopted,5756,5514,5843,1,5,470,2869258,2:3/2;4:3/2;8:3/2;16:3/2;32:3/2;64:3/2;128:99/98;256:51/50;512:27/26;1024:37/28;2048:6/6;4096:3/3;8192:2/1;16384:2/1,998244353@2:3/2;998244353@4:3/2;998244353@8:3/2;998244353@16:3/2;998244353@32:3/2;998244353@64:3/2;998244353@128:99/98;998244353@256:51/50;998244353@512:27/26;998244353@1024:37/28;998244353@2048:6/6;998244353@4096:3/3;998244353@8192:2/1;998244353@16384:2/1
interpolation,998244353,4097,4097,distinct,baseline,19301,19208,27905,1,5,2888,10515244,2:90/60;4:90/60;8:90/60;16:90/60;32:90/60;64:90/60;128:408/250;256:442/252;512:218/124;1024:106/60;2048:50/28;4096:22/12;8192:10/6,998244353@2:90/60;998244353@4:90/60;998244353@8:90/60;998244353@16:90/60;998244353@32:90/60;998244353@64:90/60;998244353@128:408/250;998244353@256:442/252;998244353@512:218/124;998244353@1024:106/60;998244353@2048:50/28;998244353@4096:22/12;998244353@8192:10/6
interpolation,998244353,4097,4097,distinct,adopted,8935,8836,9027,1,5,659,3569674,2:3/2;4:3/2;8:3/2;16:3/2;32:3/2;64:3/2;128:163/130;256:83/66;512:43/34;1024:45/32;2048:10/8;4096:5/4;8192:2/1;16384:2/1,998244353@2:3/2;998244353@4:3/2;998244353@8:3/2;998244353@16:3/2;998244353@32:3/2;998244353@64:3/2;998244353@128:163/130;998244353@256:83/66;998244353@512:43/34;998244353@1024:45/32;998244353@2048:10/8;998244353@4096:5/4;998244353@8192:2/1;998244353@16384:2/1
inv,998244353,16384,0,dense,baseline,1644,1629,1680,1,5,70,2129930,2:3/2;4:3/2;8:3/2;16:3/2;32:3/2;64:3/2;128:3/2;256:3/2;512:3/2;1024:3/2;2048:3/2;4096:3/2;8192:3/2;16384:3/2,998244353@2:3/2;998244353@4:3/2;998244353@8:3/2;998244353@16:3/2;998244353@32:3/2;998244353@64:3/2;998244353@128:3/2;998244353@256:3/2;998244353@512:3/2;998244353@1024:3/2;998244353@2048:3/2;998244353@4096:3/2;998244353@8192:3/2;998244353@16384:3/2
inv,998244353,16384,0,dense,adopted,1631,1627,1667,1,5,70,2129930,2:3/2;4:3/2;8:3/2;16:3/2;32:3/2;64:3/2;128:3/2;256:3/2;512:3/2;1024:3/2;2048:3/2;4096:3/2;8192:3/2;16384:3/2,998244353@2:3/2;998244353@4:3/2;998244353@8:3/2;998244353@16:3/2;998244353@32:3/2;998244353@64:3/2;998244353@128:3/2;998244353@256:3/2;998244353@512:3/2;998244353@1024:3/2;998244353@2048:3/2;998244353@4096:3/2;998244353@8192:3/2;998244353@16384:3/2
sqrt,998244353,16384,0,dense,baseline,5619,5523,5762,1,5,372,6652092,2:18/12;4:18/12;8:18/12;16:18/12;32:18/12;64:18/12;128:20/13;256:20/13;512:20/13;1024:17/11;2048:14/9;4096:11/7;8192:8/5;16384:5/3;32768:2/1,998244353@2:18/12;998244353@4:18/12;998244353@8:18/12;998244353@16:18/12;998244353@32:18/12;998244353@64:18/12;998244353@128:20/13;998244353@256:20/13;998244353@512:20/13;998244353@1024:17/11;998244353@2048:14/9;998244353@4096:11/7;998244353@8192:8/5;998244353@16384:5/3;998244353@32768:2/1
sqrt,998244353,16384,0,dense,adopted,1663,1640,1744,1,5,216,1614238,2:9/6;4:9/6;8:9/6;16:9/6;32:9/6;64:9/6;128:12/8;256:12/8;512:9/6;1024:6/4;2048:31/30,998244353@2:9/6;998244353@4:9/6;998244353@8:9/6;998244353@16:9/6;998244353@32:9/6;998244353@64:9/6;998244353@128:12/8;998244353@256:12/8;998244353@512:9/6;998244353@1024:6/4;998244353@2048:31/30
exp,998244353,16384,0,dense,baseline,4027,3988,4076,1,5,168,4194328,1:2/2;2:7/5;4:7/5;8:7/5;16:7/5;32:7/5;64:7/5;128:7/5;256:7/5;512:7/5;1024:7/5;2048:7/5;4096:7/5;8192:7/5;16384:5/3,998244353@1:2/2;998244353@2:7/5;998244353@4:7/5;998244353@8:7/5;998244353@16:7/5;998244353@32:7/5;998244353@64:7/5;998244353@128:7/5;998244353@256:7/5;998244353@512:7/5;998244353@1024:7/5;998244353@2048:7/5;998244353@4096:7/5;998244353@8192:7/5;998244353@16384:5/3
exp,998244353,16384,0,dense,adopted,2572,2551,2626,1,5,339,2193428,2:5/5;4:9/7;8:9/7;16:9/7;32:9/7;64:9/7;128:9/7;256:12/9;512:5/3;1024:111/93,998244353@2:5/5;998244353@4:9/7;998244353@8:9/7;998244353@16:9/7;998244353@32:9/7;998244353@64:9/7;998244353@128:9/7;998244353@256:12/9;998244353@512:5/3;998244353@1024:111/93
pow,998244353,16384,0,dense,baseline,6930,6925,6959,1,5,241,7798818,1:2/2;2:10/7;4:10/7;8:10/7;16:10/7;32:10/7;64:10/7;128:10/7;256:10/7;512:10/7;1024:10/7;2048:10/7;4096:10/7;8192:10/7;16384:8/5;32768:2/1,998244353@1:2/2;998244353@2:10/7;998244353@4:10/7;998244353@8:10/7;998244353@16:10/7;998244353@32:10/7;998244353@64:10/7;998244353@128:10/7;998244353@256:10/7;998244353@512:10/7;998244353@1024:10/7;998244353@2048:10/7;998244353@4096:10/7;998244353@8192:10/7;998244353@16384:8/5;998244353@32768:2/1
pow,998244353,16384,0,dense,adopted,5530,5423,5591,1,5,412,5797918,2:8/7;4:12/9;8:12/9;16:12/9;32:12/9;64:12/9;128:12/9;256:15/11;512:8/5;1024:114/95;2048:3/2;4096:3/2;8192:3/2;16384:3/2;32768:2/1,998244353@2:8/7;998244353@4:12/9;998244353@8:12/9;998244353@16:12/9;998244353@32:12/9;998244353@64:12/9;998244353@128:12/9;998244353@256:15/11;998244353@512:8/5;998244353@1024:114/95;998244353@2048:3/2;998244353@4096:3/2;998244353@8192:3/2;998244353@16384:3/2;998244353@32768:2/1
composition,998244353,16384,0,dense,baseline,32506,32120,32591,1,5,56,43122688,32768:14/14;65536:14/14,998244353@32768:14/14;998244353@65536:14/14
composition,998244353,16384,0,dense,adopted,32864,32494,33240,1,5,56,43122688,32768:14/14;65536:14/14,998244353@32768:14/14;998244353@65536:14/14
multipoint,998244353,16384,16384,random,baseline,43706,42786,44787,1,5,9435,34899180,2:378/252;4:378/252;8:378/252;16:378/252;32:378/252;64:378/252;128:1402/764;256:1146/636;512:570/316;1024:282/156;2048:138/76;4096:66/36;8192:30/16;16384:12/6;32768:2/1,998244353@2:378/252;998244353@4:378/252;998244353@8:378/252;998244353@16:378/252;998244353@32:378/252;998244353@64:378/252;998244353@128:1402/764;998244353@256:1146/636;998244353@512:570/316;998244353@1024:282/156;998244353@2048:138/76;998244353@4096:66/36;998244353@8192:30/16;998244353@16384:12/6;998244353@32768:2/1
multipoint,998244353,16384,16384,random,adopted,16053,15546,16415,1,5,1603,11862026,2:3/2;4:3/2;8:3/2;16:3/2;32:3/2;64:3/2;128:387/386;256:195/194;512:99/98;1024:51/50;2048:27/26;4096:15/14;8192:9/8;16384:6/5;32768:2/1,998244353@2:3/2;998244353@4:3/2;998244353@8:3/2;998244353@16:3/2;998244353@32:3/2;998244353@64:3/2;998244353@128:387/386;998244353@256:195/194;998244353@512:99/98;998244353@1024:51/50;998244353@2048:27/26;998244353@4096:15/14;998244353@8192:9/8;998244353@16384:6/5;998244353@32768:2/1
interpolation,998244353,16384,16384,distinct,baseline,86249,86065,86505,1,5,11985,58492140,2:378/252;4:378/252;8:378/252;16:378/252;32:378/252;64:378/252;128:1658/1020;256:1786/1020;512:890/508;1024:442/252;2048:218/124;4096:106/60;8192:50/28;16384:22/12;32768:6/3,998244353@2:378/252;998244353@4:378/252;998244353@8:378/252;998244353@16:378/252;998244353@32:378/252;998244353@64:378/252;998244353@128:1658/1020;998244353@256:1786/1020;998244353@512:890/508;998244353@1024:442/252;998244353@2048:218/124;998244353@4096:106/60;998244353@8192:50/28;998244353@16384:22/12;998244353@32768:6/3
interpolation,998244353,16384,16384,distinct,adopted,25321,24612,25476,1,5,2368,15990794,2:3/2;4:3/2;8:3/2;16:3/2;32:3/2;64:3/2;128:643/514;256:323/258;512:163/130;1024:83/66;2048:43/34;4096:23/18;8192:13/10;16384:8/6;32768:2/1,998244353@2:3/2;998244353@4:3/2;998244353@8:3/2;998244353@16:3/2;998244353@32:3/2;998244353@64:3/2;998244353@128:643/514;998244353@256:323/258;998244353@512:163/130;998244353@1024:83/66;998244353@2048:43/34;998244353@4096:23/18;998244353@8192:13/10;998244353@16384:8/6;998244353@32768:2/1
inv,998244353,65536,0,dense,baseline,7167,7135,7292,1,5,80,9830410,2:3/2;4:3/2;8:3/2;16:3/2;32:3/2;64:3/2;128:3/2;256:3/2;512:3/2;1024:3/2;2048:3/2;4096:3/2;8192:3/2;16384:3/2;32768:3/2;65536:3/2,998244353@2:3/2;998244353@4:3/2;998244353@8:3/2;998244353@16:3/2;998244353@32:3/2;998244353@64:3/2;998244353@128:3/2;998244353@256:3/2;998244353@512:3/2;998244353@1024:3/2;998244353@2048:3/2;998244353@4096:3/2;998244353@8192:3/2;998244353@16384:3/2;998244353@32768:3/2;998244353@65536:3/2
inv,998244353,65536,0,dense,adopted,7233,7209,7312,1,5,80,9830410,2:3/2;4:3/2;8:3/2;16:3/2;32:3/2;64:3/2;128:3/2;256:3/2;512:3/2;1024:3/2;2048:3/2;4096:3/2;8192:3/2;16384:3/2;32768:3/2;65536:3/2,998244353@2:3/2;998244353@4:3/2;998244353@8:3/2;998244353@16:3/2;998244353@32:3/2;998244353@64:3/2;998244353@128:3/2;998244353@256:3/2;998244353@512:3/2;998244353@1024:3/2;998244353@2048:3/2;998244353@4096:3/2;998244353@8192:3/2;998244353@16384:3/2;998244353@32768:3/2;998244353@65536:3/2
sqrt,998244353,65536,0,dense,baseline,23970,23913,23993,1,5,533,30900432,2:24/16;4:24/16;8:24/16;16:24/16;32:24/16;64:24/16;128:26/17;256:26/17;512:26/17;1024:23/15;2048:20/13;4096:17/11;8192:14/9;16384:11/7;32768:8/5;65536:5/3;131072:2/1,998244353@2:24/16;998244353@4:24/16;998244353@8:24/16;998244353@16:24/16;998244353@32:24/16;998244353@64:24/16;998244353@128:26/17;998244353@256:26/17;998244353@512:26/17;998244353@1024:23/15;998244353@2048:20/13;998244353@4096:17/11;998244353@8192:14/9;998244353@16384:11/7;998244353@32768:8/5;998244353@65536:5/3;998244353@131072:2/1
sqrt,998244353,65536,0,dense,adopted,7195,7126,7217,1,5,341,7750066,2:15/10;4:15/10;8:15/10;16:15/10;32:15/10;64:15/10;128:18/12;256:18/12;512:15/10;1024:12/8;2048:9/6;4096:6/4;8192:31/30,998244353@2:15/10;998244353@4:15/10;998244353@8:15/10;998244353@16:15/10;998244353@32:15/10;998244353@64:15/10;998244353@128:18/12;998244353@256:18/12;998244353@512:15/10;998244353@1024:12/8;998244353@2048:9/6;998244353@4096:6/4;998244353@8192:31/30
exp,998244353,65536,0,dense,baseline,16535,16486,16624,1,5,192,19398680,1:2/2;2:7/5;4:7/5;8:7/5;16:7/5;32:7/5;64:7/5;128:7/5;256:7/5;512:7/5;1024:7/5;2048:7/5;4096:7/5;8192:7/5;16384:7/5;32768:7/5;65536:5/3,998244353@1:2/2;998244353@2:7/5;998244353@4:7/5;998244353@8:7/5;998244353@16:7/5;998244353@32:7/5;998244353@64:7/5;998244353@128:7/5;998244353@256:7/5;998244353@512:7/5;998244353@1024:7/5;998244353@2048:7/5;998244353@4096:7/5;998244353@8192:7/5;998244353@16384:7/5;998244353@32768:7/5;998244353@65536:5/3
exp,998244353,65536,0,dense,adopted,10314,10281,10361,1,5,371,10553364,2:5/5;4:9/7;8:9/7;16:9/7;32:9/7;64:9/7;128:9/7;256:9/7;512:9/7;1024:12/9;2048:5/3;4096:111/93,998244353@2:5/5;998244353@4:9/7;998244353@8:9/7;998244353@16:9/7;998244353@32:9/7;998244353@64:9/7;998244353@128:9/7;998244353@256:9/7;998244353@512:9/7;998244353@1024:12/9;998244353@2048:5/3;998244353@4096:111/93
pow,998244353,65536,0,dense,baseline,28918,28895,28962,1,5,275,35913762,1:2/2;2:10/7;4:10/7;8:10/7;16:10/7;32:10/7;64:10/7;128:10/7;256:10/7;512:10/7;1024:10/7;2048:10/7;4096:10/7;8192:10/7;16384:10/7;32768:10/7;65536:8/5;131072:2/1,998244353@1:2/2;998244353@2:10/7;998244353@4:10/7;998244353@8:10/7;998244353@16:10/7;998244353@32:10/7;998244353@64:10/7;998244353@128:10/7;998244353@256:10/7;998244353@512:10/7;998244353@1024:10/7;998244353@2048:10/7;998244353@4096:10/7;998244353@8192:10/7;998244353@16384:10/7;998244353@32768:10/7;998244353@65536:8/5;998244353@131072:2/1
pow,998244353,65536,0,dense,adopted,22753,22667,22801,1,5,454,27068446,2:8/7;4:12/9;8:12/9;16:12/9;32:12/9;64:12/9;128:12/9;256:12/9;512:12/9;1024:15/11;2048:8/5;4096:114/95;8192:3/2;16384:3/2;32768:3/2;65536:3/2;131072:2/1,998244353@2:8/7;998244353@4:12/9;998244353@8:12/9;998244353@16:12/9;998244353@32:12/9;998244353@64:12/9;998244353@128:12/9;998244353@256:12/9;998244353@512:12/9;998244353@1024:15/11;998244353@2048:8/5;998244353@4096:114/95;998244353@8192:3/2;998244353@16384:3/2;998244353@32768:3/2;998244353@65536:3/2;998244353@131072:2/1
multipoint,998244353,65536,65536,random,baseline,212694,212373,213470,1,5,38215,194647020,2:1530/1020;4:1530/1020;8:1530/1020;16:1530/1020;32:1530/1020;64:1530/1020;128:5626/3068;256:4602/2556;512:2298/1276;1024:1146/636;2048:570/316;4096:282/156;8192:138/76;16384:66/36;32768:30/16;65536:12/6;131072:2/1,998244353@2:1530/1020;998244353@4:1530/1020;998244353@8:1530/1020;998244353@16:1530/1020;998244353@32:1530/1020;998244353@64:1530/1020;998244353@128:5626/3068;998244353@256:4602/2556;998244353@512:2298/1276;998244353@1024:1146/636;998244353@2048:570/316;998244353@4096:282/156;998244353@8192:138/76;998244353@16384:66/36;998244353@32768:30/16;998244353@65536:12/6;998244353@131072:2/1
multipoint,998244353,65536,65536,random,adopted,71603,70847,73280,1,5,6221,61734922,2:3/2;4:3/2;8:3/2;16:3/2;32:3/2;64:3/2;128:1539/1538;256:771/770;512:387/386;1024:195/194;2048:99/98;4096:51/50;8192:27/26;16384:15/14;32768:9/8;65536:6/5;131072:2/1,998244353@2:3/2;998244353@4:3/2;998244353@8:3/2;998244353@16:3/2;998244353@32:3/2;998244353@64:3/2;998244353@128:1539/1538;998244353@256:771/770;998244353@512:387/386;998244353@1024:195/194;998244353@2048:99/98;998244353@4096:51/50;998244353@8192:27/26;998244353@16384:15/14;998244353@32768:9/8;998244353@65536:6/5;998244353@131072:2/1
interpolation,998244353,65536,65536,distinct,baseline,406137,404860,413693,1,5,48445,323097580,2:1530/1020;4:1530/1020;8:1530/1020;16:1530/1020;32:1530/1020;64:1530/1020;128:6650/4092;256:7162/4092;512:3578/2044;1024:1786/1020;2048:890/508;4096:442/252;8192:218/124;16384:106/60;32768:50/28;65536:22/12;131072:6/3,998244353@2:1530/1020;998244353@4:1530/1020;998244353@8:1530/1020;998244353@16:1530/1020;998244353@32:1530/1020;998244353@64:1530/1020;998244353@128:6650/4092;998244353@256:7162/4092;998244353@512:3578/2044;998244353@1024:1786/1020;998244353@2048:890/508;998244353@4096:442/252;998244353@8192:218/124;998244353@16384:106/60;998244353@32768:50/28;998244353@65536:22/12;998244353@131072:6/3
interpolation,998244353,65536,65536,distinct,adopted,111906,111333,117009,1,5,9290,84344842,2:3/2;4:3/2;8:3/2;16:3/2;32:3/2;64:3/2;128:2563/2050;256:1283/1026;512:643/514;1024:323/258;2048:163/130;4096:83/66;8192:43/34;16384:23/18;32768:13/10;65536:8/6;131072:2/1,998244353@2:3/2;998244353@4:3/2;998244353@8:3/2;998244353@16:3/2;998244353@32:3/2;998244353@64:3/2;998244353@128:2563/2050;998244353@256:1283/1026;998244353@512:643/514;998244353@1024:323/258;998244353@2048:163/130;998244353@4096:83/66;998244353@8192:43/34;998244353@16384:23/18;998244353@32768:13/10;998244353@65536:8/6;998244353@131072:2/1
