mod,length,direction,median_us,min_us,max_us,iterations
1000000007,2,forward,0.00435,0.00435,0.0045,20000
1000000007,2,inverse,0.0047,0.0045,0.0065,20000
998244353,2,forward,0.00435,0.00435,0.0058,20000
998244353,2,inverse,0.0046,0.00455,0.00525,20000
998244353,4,forward,0.00915,0.009,0.0125,20000
998244353,4,inverse,0.00925,0.00915,0.00945,20000
998244353,8,forward,0.042,0.04085,0.0469,20000
998244353,8,inverse,0.0202,0.01955,0.02155,20000
998244353,16,forward,0.09095,0.08065,0.1322,20000
998244353,16,inverse,0.06545,0.06125,0.071,20000
998244353,32,forward,0.23715,0.22705,0.29135,20000
998244353,32,inverse,0.14875,0.145,0.16305,20000
998244353,64,forward,0.453853,0.427643,0.56698,8928
998244353,64,inverse,0.33815,0.328293,0.352823,8928
998244353,128,forward,1.14004,1.1193,1.16769,3906
998244353,128,inverse,0.74808,0.71531,0.757808,3906
998244353,256,forward,2.03687,1.94988,2.08122,1736
998244353,256,inverse,1.58468,1.5265,1.75288,1736
998244353,512,forward,5.02049,4.72983,5.17798,781
998244353,512,inverse,3.37644,3.16389,3.4904,781
998244353,1024,forward,9.03944,8.67324,9.39437,355
998244353,1024,inverse,7.20563,7.07324,7.41127,355
998244353,2048,forward,21.963,21.4321,23,162
998244353,2048,inverse,15.0556,14.7531,16.0185,162
998244353,4096,forward,38.7333,37.08,39.1333,75
998244353,4096,inverse,31.5733,31.44,31.9467,75
998244353,8192,forward,91.8235,90.9412,92.4118,34
998244353,8192,inverse,66.1176,65.8235,67.1176,34
998244353,16384,forward,167.125,165.562,169.312,16
998244353,16384,inverse,139.125,131.438,142.188,16
998244353,32768,forward,392.143,390.143,394.429,7
998244353,32768,inverse,289.429,288.857,293.571,7
998244353,65536,forward,732,722.667,748,3
998244353,65536,inverse,609,608.667,620,3
998244353,131072,forward,1675,1666,1685,2
998244353,131072,inverse,1270,1263.5,1284,2
469762049,2,forward,0.0042,0.00415,0.0043,20000
469762049,2,inverse,0.00515,0.0051,0.00515,20000
469762049,4,forward,0.0103,0.0103,0.011,20000
469762049,4,inverse,0.0104,0.01035,0.0109,20000
469762049,8,forward,0.041,0.0407,0.0414,20000
469762049,8,inverse,0.02265,0.02245,0.02335,20000
469762049,16,forward,0.08545,0.085,0.0868,20000
469762049,16,inverse,0.0684,0.0681,0.06865,20000
469762049,32,forward,0.23915,0.2386,0.2416,20000
469762049,32,inverse,0.16155,0.16115,0.1628,20000
469762049,64,forward,0.46427,0.464046,0.470206,8928
469762049,64,inverse,0.363015,0.362455,0.370408,8928
469762049,128,forward,1.1851,1.1828,1.19124,3906
469762049,128,inverse,0.810292,0.806196,0.811572,3906
469762049,256,forward,2.19412,2.18836,2.22523,1736
469762049,256,inverse,1.75115,1.74078,1.78053,1736
469762049,512,forward,5.3854,5.34059,5.42254,781
469762049,512,inverse,3.77977,3.74392,3.7977,781
469762049,1024,forward,9.83944,9.8169,9.92676,355
469762049,1024,inverse,8.04789,8.04225,8.12113,355
469762049,2048,forward,23.4074,23.3704,24.1914,162
469762049,2048,inverse,17.3519,17.0864,17.7222,162
469762049,4096,forward,43.6533,43.3867,44.16,75
469762049,4096,inverse,36.7067,36.2533,37.3333,75
469762049,8192,forward,102.441,101.353,104.735,34
469762049,8192,inverse,76.0882,76,78.2353,34
469762049,16384,forward,189.375,187.938,190.75,16
469762049,16384,inverse,161.875,160.438,191.188,16
469762049,32768,forward,435,434,441,7
469762049,32768,inverse,336.857,335.143,352.714,7
469762049,65536,forward,833.667,821.333,850.333,3
469762049,65536,inverse,720,712.333,733.667,3
469762049,131072,forward,1888.5,1867.5,1927,2
469762049,131072,inverse,1500.5,1488,1521.5,2
1811939329,2,forward,0.00535,0.005,0.00555,20000
1811939329,2,inverse,0.00515,0.00515,0.0064,20000
1811939329,4,forward,0.0107,0.0107,0.0107,20000
1811939329,4,inverse,0.0109,0.01085,0.01135,20000
1811939329,8,forward,0.0457,0.04565,0.04635,20000
1811939329,8,inverse,0.0227,0.0227,0.0231,20000
1811939329,16,forward,0.0941,0.09315,0.0948,20000
1811939329,16,inverse,0.07345,0.07345,0.07575,20000
1811939329,32,forward,0.2695,0.26885,0.2709,20000
1811939329,32,inverse,0.17515,0.17485,0.1772,20000
1811939329,64,forward,0.507168,0.506496,0.553427,8928
1811939329,64,inverse,0.393481,0.372984,0.398073,8928
1811939329,128,forward,1.31336,1.28827,1.31976,3906
1811939329,128,inverse,0.8766,0.874552,0.882488,3906
1811939329,256,forward,2.39113,2.38537,2.40265,1736
1811939329,256,inverse,1.87788,1.87442,1.9015,1736
1811939329,512,forward,5.91165,5.90013,5.96031,781
1811939329,512,inverse,4.2548,4.02305,4.47119,781
1811939329,1024,forward,11.1465,10.8761,11.2873,355
1811939329,1024,inverse,8.58028,8.55775,8.69577,355
1811939329,2048,forward,25.7654,25.6975,26.1049,162
1811939329,2048,inverse,18.1914,18.1173,18.3086,162
1811939329,4096,forward,46.3867,46.1333,47.2667,75
1811939329,4096,inverse,38.4667,38.2533,41.1467,75
1811939329,8192,forward,111.941,110.559,113.353,34
1811939329,8192,inverse,80.3529,80.3235,81.7941,34
1811939329,16384,forward,201.562,200.5,206.938,16
1811939329,16384,inverse,173.75,168.5,180.625,16
1811939329,32768,forward,476,449.571,492.571,7
1811939329,32768,inverse,354,351.571,368.571,7
1811939329,65536,forward,872,834.333,881,3
1811939329,65536,inverse,746,742,757,3
1811939329,131072,forward,2019.5,2009,2046.5,2
1811939329,131072,inverse,1551,1541.5,1557,2
2013265921,2,forward,0.00415,0.00415,0.0042,20000
2013265921,2,inverse,0.00515,0.00515,0.0052,20000
2013265921,4,forward,0.0103,0.01025,0.01035,20000
2013265921,4,inverse,0.0104,0.0104,0.01045,20000
2013265921,8,forward,0.0407,0.04065,0.04175,20000
2013265921,8,inverse,0.02245,0.02245,0.0225,20000
2013265921,16,forward,0.0854,0.0795,0.0914,20000
2013265921,16,inverse,0.06845,0.06555,0.0704,20000
2013265921,32,forward,0.24,0.2384,0.2457,20000
2013265921,32,inverse,0.16025,0.1602,0.16165,20000
2013265921,64,forward,0.46595,0.465278,0.471326,8928
2013265921,64,inverse,0.362231,0.361559,0.366487,8928
2013265921,128,forward,1.19176,1.18792,1.34127,3906
2013265921,128,inverse,0.804916,0.803891,0.816436,3906
2013265921,256,forward,2.19124,2.14689,2.20795,1736
2013265921,256,inverse,1.73214,1.73041,1.75634,1736
2013265921,512,forward,5.37516,5.35339,5.40461,781
2013265921,512,inverse,3.72983,3.72727,3.77337,781
2013265921,1024,forward,10.262,10.0789,11.2732,355
2013265921,1024,inverse,8.87606,8.02817,9.81127,355
2013265921,2048,forward,24.5556,24.3025,24.9691,162
2013265921,2048,inverse,17.9198,17.6605,18.1358,162
2013265921,4096,forward,45.9333,45.68,47.5067,75
2013265921,4096,inverse,38.2667,37.9467,38.5467,75
2013265921,8192,forward,111,106.706,117.882,34
2013265921,8192,inverse,78.1765,77.0294,80.7941,34
2013265921,16384,forward,193.625,192.625,199.062,16
2013265921,16384,inverse,163.125,161.5,166.438,16
2013265921,32768,forward,453.429,445,463.143,7
2013265921,32768,inverse,340.857,339.143,345.286,7
2013265921,65536,forward,845.333,840,854.667,3
2013265921,65536,inverse,720.667,719,735,3
2013265921,131072,forward,1921,1877.5,1996.5,2
2013265921,131072,inverse,1475.5,1467,1511.5,2
