case,n,queries,method,rep,prep_ms,ops_ms,total_ms,allocated_bytes,used_nodes,checksum
random,50000,50000,compressed_x,0,2.450000,5.509000,7.959000,5200000,18,5043910667116974382
random,50000,50000,compressed_index,0,10.151000,4.668000,14.819000,6000000,18,5043910667116974382
random,50000,50000,dynamic,0,0.001000,2.173000,2.174000,1600000,23,5043910667116974382
random,50000,50000,dynamic_wide,0,0.004000,2.370000,2.374000,1600000,20,5043910667116974382
random,50000,50000,compressed_index,1,7.898000,5.654000,13.552000,6000000,18,5043910667116974382
random,50000,50000,dynamic,1,0.008000,2.485000,2.493000,1600000,23,5043910667116974382
random,50000,50000,dynamic_wide,1,0.001000,4.360000,4.361000,1600000,20,5043910667116974382
random,50000,50000,compressed_x,1,3.319000,4.774000,8.093000,5200000,18,5043910667116974382
random,50000,50000,dynamic,2,0.006000,2.402000,2.408000,1600000,23,5043910667116974382
random,50000,50000,dynamic_wide,2,0.001000,3.056000,3.057000,1600000,20,5043910667116974382
random,50000,50000,compressed_x,2,2.909000,5.818000,8.727000,5200000,18,5043910667116974382
random,50000,50000,compressed_index,2,6.856000,4.767000,11.623000,6000000,18,5043910667116974382
random,50000,50000,dynamic_wide,3,0.004000,3.789000,3.793000,1600000,20,5043910667116974382
random,50000,50000,compressed_x,3,4.244000,4.749000,8.993000,5200000,18,5043910667116974382
random,50000,50000,compressed_index,3,7.715000,5.137000,12.852000,6000000,18,5043910667116974382
random,50000,50000,dynamic,3,0.004000,1.802000,1.806000,1600000,23,5043910667116974382
random,50000,50000,compressed_x,4,3.156000,5.224000,8.380000,5200000,18,5043910667116974382
random,50000,50000,compressed_index,4,8.744000,4.513000,13.257000,6000000,18,5043910667116974382
random,50000,50000,dynamic,4,0.002000,1.684000,1.686000,1600000,23,5043910667116974382
random,50000,50000,dynamic_wide,4,0.001000,2.745000,2.746000,1600000,20,5043910667116974382
random,50000,50000,compressed_index,5,8.632000,4.826000,13.458000,6000000,18,5043910667116974382
random,50000,50000,dynamic,5,0.003000,1.779000,1.782000,1600000,23,5043910667116974382
random,50000,50000,dynamic_wide,5,0.001000,2.865000,2.866000,1600000,20,5043910667116974382
random,50000,50000,compressed_x,5,2.752000,5.079000,7.831000,5200000,18,5043910667116974382
random,50000,50000,dynamic,6,0.006000,2.127000,2.133000,1600000,23,5043910667116974382
random,50000,50000,dynamic_wide,6,0.003000,1.922000,1.925000,1600000,20,5043910667116974382
random,50000,50000,compressed_x,6,3.750000,5.099000,8.849000,5200000,18,5043910667116974382
random,50000,50000,compressed_index,6,9.055000,5.589000,14.644000,6000000,18,5043910667116974382
random,200000,200000,compressed_x,0,13.206000,27.916000,41.122000,20799424,27,11763587929432129066
random,200000,200000,compressed_index,0,34.743000,18.303000,53.046000,23999424,27,11763587929432129066
random,200000,200000,dynamic,0,0.003000,8.826000,8.829000,6400000,28,11763587929432129066
random,200000,200000,dynamic_wide,0,0.006000,12.386000,12.392000,6400000,34,11763587929432129066
random,200000,200000,compressed_index,1,34.978000,25.592000,60.570000,23999424,27,11763587929432129066
random,200000,200000,dynamic,1,0.000000,10.755000,10.755000,6400000,28,11763587929432129066
random,200000,200000,dynamic_wide,1,0.002000,20.310000,20.312000,6400000,34,11763587929432129066
random,200000,200000,compressed_x,1,13.572000,24.904000,38.476000,20799424,27,11763587929432129066
random,200000,200000,dynamic,2,0.003000,8.975000,8.978000,6400000,28,11763587929432129066
random,200000,200000,dynamic_wide,2,0.001000,11.107000,11.108000,6400000,34,11763587929432129066
random,200000,200000,compressed_x,2,12.569000,18.966000,31.535000,20799424,27,11763587929432129066
random,200000,200000,compressed_index,2,43.827000,28.251000,72.078000,23999424,27,11763587929432129066
random,200000,200000,dynamic_wide,3,0.001000,15.492000,15.493000,6400000,34,11763587929432129066
random,200000,200000,compressed_x,3,12.271000,22.035000,34.306000,20799424,27,11763587929432129066
random,200000,200000,compressed_index,3,37.093000,18.543000,55.636000,23999424,27,11763587929432129066
random,200000,200000,dynamic,3,0.007000,8.385000,8.392000,6400000,28,11763587929432129066
random,200000,200000,compressed_x,4,12.267000,23.830000,36.097000,20799424,27,11763587929432129066
random,200000,200000,compressed_index,4,45.954000,19.759000,65.713000,23999424,27,11763587929432129066
random,200000,200000,dynamic,4,0.001000,9.124000,9.125000,6400000,28,11763587929432129066
random,200000,200000,dynamic_wide,4,0.004000,12.630000,12.634000,6400000,34,11763587929432129066
random,200000,200000,compressed_index,5,34.608000,19.837000,54.445000,23999424,27,11763587929432129066
random,200000,200000,dynamic,5,0.001000,9.103000,9.104000,6400000,28,11763587929432129066
random,200000,200000,dynamic_wide,5,0.001000,11.230000,11.231000,6400000,34,11763587929432129066
random,200000,200000,compressed_x,5,10.806000,17.217000,28.023000,20799424,27,11763587929432129066
random,200000,200000,dynamic,6,0.001000,8.098000,8.099000,6400000,28,11763587929432129066
random,200000,200000,dynamic_wide,6,0.001000,11.795000,11.796000,6400000,34,11763587929432129066
random,200000,200000,compressed_x,6,12.056000,16.786000,28.842000,20799424,27,11763587929432129066
random,200000,200000,compressed_index,6,32.017000,17.330000,49.347000,23999424,27,11763587929432129066
random,1000000,1000000,compressed_x,0,83.418000,116.407000,199.825000,103976576,34,4291628497271841449
random,1000000,1000000,compressed_index,0,359.312000,133.205000,492.517000,119976576,34,4291628497271841449
random,1000000,1000000,dynamic,0,0.004000,47.210000,47.214000,32000000,39,4291628497271841449
random,1000000,1000000,dynamic_wide,0,0.000000,72.474000,72.474000,32000000,37,4291628497271841449
random,1000000,1000000,compressed_index,1,288.566000,124.006000,412.572000,119976576,34,4291628497271841449
random,1000000,1000000,dynamic,1,0.001000,43.181000,43.182000,32000000,39,4291628497271841449
random,1000000,1000000,dynamic_wide,1,0.001000,75.551000,75.552000,32000000,37,4291628497271841449
random,1000000,1000000,compressed_x,1,67.841000,227.994000,295.835000,103976576,34,4291628497271841449
random,1000000,1000000,dynamic,2,0.002000,62.303000,62.305000,32000000,39,4291628497271841449
random,1000000,1000000,dynamic_wide,2,0.000000,123.127000,123.127000,32000000,37,4291628497271841449
random,1000000,1000000,compressed_x,2,77.893000,124.111000,202.004000,103976576,34,4291628497271841449
random,1000000,1000000,compressed_index,2,253.628000,215.033000,468.661000,119976576,34,4291628497271841449
random,1000000,1000000,dynamic_wide,3,0.010000,104.310000,104.320000,32000000,37,4291628497271841449
random,1000000,1000000,compressed_x,3,97.724000,117.456000,215.180000,103976576,34,4291628497271841449
random,1000000,1000000,compressed_index,3,267.575000,102.037000,369.612000,119976576,34,4291628497271841449
random,1000000,1000000,dynamic,3,0.002000,39.743000,39.745000,32000000,39,4291628497271841449
random,1000000,1000000,compressed_x,4,68.100000,111.024000,179.124000,103976576,34,4291628497271841449
random,1000000,1000000,compressed_index,4,263.443000,105.863000,369.306000,119976576,34,4291628497271841449
random,1000000,1000000,dynamic,4,0.002000,41.879000,41.881000,32000000,39,4291628497271841449
random,1000000,1000000,dynamic_wide,4,0.001000,64.164000,64.165000,32000000,37,4291628497271841449
random,1000000,1000000,compressed_index,5,219.137000,136.368000,355.505000,119976576,34,4291628497271841449
random,1000000,1000000,dynamic,5,0.003000,56.761000,56.764000,32000000,39,4291628497271841449
random,1000000,1000000,dynamic_wide,5,0.003000,78.033000,78.036000,32000000,37,4291628497271841449
random,1000000,1000000,compressed_x,5,65.260000,108.543000,173.803000,103976576,34,4291628497271841449
random,1000000,1000000,dynamic,6,0.002000,43.254000,43.256000,32000000,39,4291628497271841449
random,1000000,1000000,dynamic_wide,6,0.000000,74.828000,74.828000,32000000,37,4291628497271841449
random,1000000,1000000,compressed_x,6,93.239000,156.579000,249.818000,103976576,34,4291628497271841449
random,1000000,1000000,compressed_index,6,347.191000,129.344000,476.535000,119976576,34,4291628497271841449
dense,50000,50000,compressed_x,0,3.223000,13.631000,16.854000,3430912,37698,11861960646288884177
dense,50000,50000,compressed_index,0,6.718000,13.526000,20.244000,4230912,37698,11861960646288884177
dense,50000,50000,dynamic,0,0.001000,17.836000,17.837000,1600000,50000,11861960646288884177
dense,50000,50000,dynamic_wide,0,5.020000,32.657000,37.677000,1600000,50000,11861960646288884177
dense,50000,50000,compressed_index,1,6.146000,11.304000,17.450000,4230912,37698,11861960646288884177
dense,50000,50000,dynamic,1,0.000000,13.294000,13.294000,1600000,50000,11861960646288884177
dense,50000,50000,dynamic_wide,1,0.001000,30.598000,30.599000,1600000,50000,11861960646288884177
dense,50000,50000,compressed_x,1,2.411000,11.740000,14.151000,3430912,37698,11861960646288884177
dense,50000,50000,dynamic,2,0.003000,13.729000,13.732000,1600000,50000,11861960646288884177
dense,50000,50000,dynamic_wide,2,0.001000,28.958000,28.959000,1600000,50000,11861960646288884177
dense,50000,50000,compressed_x,2,3.216000,12.360000,15.576000,3430912,37698,11861960646288884177
dense,50000,50000,compressed_index,2,5.833000,11.210000,17.043000,4230912,37698,11861960646288884177
dense,50000,50000,dynamic_wide,3,0.002000,29.488000,29.490000,1600000,50000,11861960646288884177
dense,50000,50000,compressed_x,3,2.592000,12.920000,15.512000,3430912,37698,11861960646288884177
dense,50000,50000,compressed_index,3,6.376000,12.083000,18.459000,4230912,37698,11861960646288884177
dense,50000,50000,dynamic,3,0.002000,13.711000,13.713000,1600000,50000,11861960646288884177
dense,50000,50000,compressed_x,4,2.734000,12.026000,14.760000,3430912,37698,11861960646288884177
dense,50000,50000,compressed_index,4,6.423000,11.133000,17.556000,4230912,37698,11861960646288884177
dense,50000,50000,dynamic,4,0.001000,14.509000,14.510000,1600000,50000,11861960646288884177
dense,50000,50000,dynamic_wide,4,0.001000,36.992000,36.993000,1600000,50000,11861960646288884177
dense,50000,50000,compressed_index,5,7.414000,19.752000,27.166000,4230912,37698,11861960646288884177
dense,50000,50000,dynamic,5,0.026000,18.734000,18.760000,1600000,50000,11861960646288884177
dense,50000,50000,dynamic_wide,5,0.001000,30.217000,30.218000,1600000,50000,11861960646288884177
dense,50000,50000,compressed_x,5,6.219000,16.497000,22.716000,3430912,37698,11861960646288884177
dense,50000,50000,dynamic,6,0.001000,17.470000,17.471000,1600000,50000,11861960646288884177
dense,50000,50000,dynamic_wide,6,0.000000,33.444000,33.444000,1600000,50000,11861960646288884177
dense,50000,50000,compressed_x,6,3.386000,11.884000,15.270000,3430912,37698,11861960646288884177
dense,50000,50000,compressed_index,6,6.150000,11.519000,17.669000,4230912,37698,11861960646288884177
dense,200000,200000,compressed_x,0,10.647000,64.773000,75.420000,13715104,150323,1832612132462994751
dense,200000,200000,compressed_index,0,26.758000,53.439000,80.197000,16915104,150323,1832612132462994751
dense,200000,200000,dynamic,0,0.001000,76.713000,76.714000,6400000,200000,1832612132462994751
dense,200000,200000,dynamic_wide,0,0.001000,216.227000,216.228000,6400000,200000,1832612132462994751
dense,200000,200000,compressed_index,1,30.102000,91.643000,121.745000,16915104,150323,1832612132462994751
dense,200000,200000,dynamic,1,0.016000,74.735000,74.751000,6400000,200000,1832612132462994751
dense,200000,200000,dynamic_wide,1,0.001000,137.659000,137.660000,6400000,200000,1832612132462994751
dense,200000,200000,compressed_x,1,10.172000,65.228000,75.400000,13715104,150323,1832612132462994751
dense,200000,200000,dynamic,2,0.001000,81.597000,81.598000,6400000,200000,1832612132462994751
dense,200000,200000,dynamic_wide,2,0.002000,140.868000,140.870000,6400000,200000,1832612132462994751
dense,200000,200000,compressed_x,2,10.174000,60.896000,71.070000,13715104,150323,1832612132462994751
dense,200000,200000,compressed_index,2,31.392000,62.349000,93.741000,16915104,150323,1832612132462994751
dense,200000,200000,dynamic_wide,3,0.001000,144.143000,144.144000,6400000,200000,1832612132462994751
dense,200000,200000,compressed_x,3,11.446000,63.587000,75.033000,13715104,150323,1832612132462994751
dense,200000,200000,compressed_index,3,30.238000,58.383000,88.621000,16915104,150323,1832612132462994751
dense,200000,200000,dynamic,3,0.008000,79.914000,79.922000,6400000,200000,1832612132462994751
dense,200000,200000,compressed_x,4,11.222000,67.179000,78.401000,13715104,150323,1832612132462994751
dense,200000,200000,compressed_index,4,27.989000,58.477000,86.466000,16915104,150323,1832612132462994751
dense,200000,200000,dynamic,4,0.002000,79.052000,79.054000,6400000,200000,1832612132462994751
dense,200000,200000,dynamic_wide,4,0.001000,175.183000,175.184000,6400000,200000,1832612132462994751
dense,200000,200000,compressed_index,5,42.203000,68.233000,110.436000,16915104,150323,1832612132462994751
dense,200000,200000,dynamic,5,0.001000,92.298000,92.299000,6400000,200000,1832612132462994751
dense,200000,200000,dynamic_wide,5,0.000000,235.879000,235.879000,6400000,200000,1832612132462994751
dense,200000,200000,compressed_x,5,11.647000,88.819000,100.466000,13715104,150323,1832612132462994751
dense,200000,200000,dynamic,6,0.001000,106.345000,106.346000,6400000,200000,1832612132462994751
dense,200000,200000,dynamic_wide,6,0.008000,206.485000,206.493000,6400000,200000,1832612132462994751
dense,200000,200000,compressed_x,6,13.333000,78.107000,91.440000,13715104,150323,1832612132462994751
dense,200000,200000,compressed_index,6,28.930000,74.748000,103.678000,16915104,150323,1832612132462994751
dense,1000000,1000000,compressed_x,0,57.946000,613.854000,671.800000,68656064,767729,17469883217288764174
dense,1000000,1000000,compressed_index,0,218.945000,486.918000,705.863000,84656064,767729,17469883217288764174
dense,1000000,1000000,dynamic,0,0.003000,792.067000,792.070000,32000000,1000000,17469883217288764174
dense,1000000,1000000,dynamic_wide,0,0.001000,1119.598000,1119.599000,32000000,1000000,17469883217288764174
dense,1000000,1000000,compressed_index,1,164.159000,460.428000,624.587000,84656064,767729,17469883217288764174
dense,1000000,1000000,dynamic,1,0.001000,670.114000,670.115000,32000000,1000000,17469883217288764174
dense,1000000,1000000,dynamic_wide,1,0.000000,957.634000,957.634000,32000000,1000000,17469883217288764174
dense,1000000,1000000,compressed_x,1,54.561000,498.600000,553.161000,68656064,767729,17469883217288764174
dense,1000000,1000000,dynamic,2,0.001000,779.979000,779.980000,32000000,1000000,17469883217288764174
dense,1000000,1000000,dynamic_wide,2,0.002000,1345.727000,1345.729000,32000000,1000000,17469883217288764174
dense,1000000,1000000,compressed_x,2,59.500000,564.256000,623.756000,68656064,767729,17469883217288764174
dense,1000000,1000000,compressed_index,2,165.654000,454.809000,620.463000,84656064,767729,17469883217288764174
dense,1000000,1000000,dynamic_wide,3,0.002000,1148.239000,1148.241000,32000000,1000000,17469883217288764174
dense,1000000,1000000,compressed_x,3,72.146000,751.221000,823.367000,68656064,767729,17469883217288764174
dense,1000000,1000000,compressed_index,3,165.568000,463.489000,629.057000,84656064,767729,17469883217288764174
dense,1000000,1000000,dynamic,3,0.001000,959.063000,959.064000,32000000,1000000,17469883217288764174
dense,1000000,1000000,compressed_x,4,63.289000,642.223000,705.512000,68656064,767729,17469883217288764174
dense,1000000,1000000,compressed_index,4,192.480000,482.153000,674.633000,84656064,767729,17469883217288764174
dense,1000000,1000000,dynamic,4,0.002000,811.144000,811.146000,32000000,1000000,17469883217288764174
dense,1000000,1000000,dynamic_wide,4,0.002000,1116.088000,1116.090000,32000000,1000000,17469883217288764174
dense,1000000,1000000,compressed_index,5,179.026000,481.314000,660.340000,84656064,767729,17469883217288764174
dense,1000000,1000000,dynamic,5,0.003000,659.958000,659.961000,32000000,1000000,17469883217288764174
dense,1000000,1000000,dynamic_wide,5,0.001000,971.835000,971.836000,32000000,1000000,17469883217288764174
dense,1000000,1000000,compressed_x,5,57.076000,502.971000,560.047000,68656064,767729,17469883217288764174
dense,1000000,1000000,dynamic,6,0.001000,618.548000,618.549000,32000000,1000000,17469883217288764174
dense,1000000,1000000,dynamic_wide,6,0.001000,963.278000,963.279000,32000000,1000000,17469883217288764174
dense,1000000,1000000,compressed_x,6,54.530000,577.577000,632.107000,68656064,767729,17469883217288764174
dense,1000000,1000000,compressed_index,6,163.878000,534.834000,698.712000,84656064,767729,17469883217288764174
sparse,50000,50000,compressed_x,0,8.795000,13.337000,22.132000,5196832,41003,7954306411375598754
sparse,50000,50000,compressed_index,0,7.054000,11.905000,18.959000,5996832,41003,7954306411375598754
sparse,50000,50000,dynamic,0,0.002000,14.245000,14.247000,1600000,50000,7954306411375598754
sparse,50000,50000,dynamic_wide,0,0.001000,26.529000,26.530000,1600000,50000,7954306411375598754
sparse,50000,50000,compressed_index,1,8.601000,13.290000,21.891000,5996832,41003,7954306411375598754
sparse,50000,50000,dynamic,1,0.001000,13.378000,13.379000,1600000,50000,7954306411375598754
sparse,50000,50000,dynamic_wide,1,0.003000,24.614000,24.617000,1600000,50000,7954306411375598754
sparse,50000,50000,compressed_x,1,2.163000,11.975000,14.138000,5196832,41003,7954306411375598754
sparse,50000,50000,dynamic,2,0.002000,13.739000,13.741000,1600000,50000,7954306411375598754
sparse,50000,50000,dynamic_wide,2,0.001000,24.907000,24.908000,1600000,50000,7954306411375598754
sparse,50000,50000,compressed_x,2,2.197000,11.808000,14.005000,5196832,41003,7954306411375598754
sparse,50000,50000,compressed_index,2,6.096000,10.955000,17.051000,5996832,41003,7954306411375598754
sparse,50000,50000,dynamic_wide,3,0.002000,26.917000,26.919000,1600000,50000,7954306411375598754
sparse,50000,50000,compressed_x,3,2.209000,12.255000,14.464000,5196832,41003,7954306411375598754
sparse,50000,50000,compressed_index,3,5.897000,10.946000,16.843000,5996832,41003,7954306411375598754
sparse,50000,50000,dynamic,3,0.009000,13.387000,13.396000,1600000,50000,7954306411375598754
sparse,50000,50000,compressed_x,4,2.250000,11.485000,13.735000,5196832,41003,7954306411375598754
sparse,50000,50000,compressed_index,4,5.802000,10.762000,16.564000,5996832,41003,7954306411375598754
sparse,50000,50000,dynamic,4,0.001000,12.901000,12.902000,1600000,50000,7954306411375598754
sparse,50000,50000,dynamic_wide,4,0.002000,24.387000,24.389000,1600000,50000,7954306411375598754
sparse,50000,50000,compressed_index,5,5.694000,11.107000,16.801000,5996832,41003,7954306411375598754
sparse,50000,50000,dynamic,5,0.001000,12.387000,12.388000,1600000,50000,7954306411375598754
sparse,50000,50000,dynamic_wide,5,0.001000,24.492000,24.493000,1600000,50000,7954306411375598754
sparse,50000,50000,compressed_x,5,2.175000,12.601000,14.776000,5196832,41003,7954306411375598754
sparse,50000,50000,dynamic,6,0.001000,12.979000,12.980000,1600000,50000,7954306411375598754
sparse,50000,50000,dynamic_wide,6,0.001000,24.679000,24.680000,1600000,50000,7954306411375598754
sparse,50000,50000,compressed_x,6,2.364000,11.535000,13.899000,5196832,41003,7954306411375598754
sparse,50000,50000,compressed_index,6,6.340000,10.703000,17.043000,5996832,41003,7954306411375598754
sparse,200000,200000,compressed_x,0,10.011000,74.640000,84.651000,20791072,163517,8020807402262774394
sparse,200000,200000,compressed_index,0,30.488000,62.911000,93.399000,23991072,163517,8020807402262774394
sparse,200000,200000,dynamic,0,0.001000,67.499000,67.500000,6400000,200000,8020807402262774394
sparse,200000,200000,dynamic_wide,0,0.002000,117.121000,117.123000,6400000,200000,8020807402262774394
sparse,200000,200000,compressed_index,1,28.157000,56.315000,84.472000,23991072,163517,8020807402262774394
sparse,200000,200000,dynamic,1,0.001000,67.180000,67.181000,6400000,200000,8020807402262774394
sparse,200000,200000,dynamic_wide,1,0.001000,113.085000,113.086000,6400000,200000,8020807402262774394
sparse,200000,200000,compressed_x,1,9.908000,63.463000,73.371000,20791072,163517,8020807402262774394
sparse,200000,200000,dynamic,2,0.001000,67.092000,67.093000,6400000,200000,8020807402262774394
sparse,200000,200000,dynamic_wide,2,0.002000,120.430000,120.432000,6400000,200000,8020807402262774394
sparse,200000,200000,compressed_x,2,11.271000,66.149000,77.420000,20791072,163517,8020807402262774394
sparse,200000,200000,compressed_index,2,27.719000,54.103000,81.822000,23991072,163517,8020807402262774394
sparse,200000,200000,dynamic_wide,3,0.001000,122.031000,122.032000,6400000,200000,8020807402262774394
sparse,200000,200000,compressed_x,3,10.297000,62.224000,72.521000,20791072,163517,8020807402262774394
sparse,200000,200000,compressed_index,3,28.115000,57.248000,85.363000,23991072,163517,8020807402262774394
sparse,200000,200000,dynamic,3,0.002000,67.240000,67.242000,6400000,200000,8020807402262774394
sparse,200000,200000,compressed_x,4,9.688000,59.883000,69.571000,20791072,163517,8020807402262774394
sparse,200000,200000,compressed_index,4,27.777000,53.911000,81.688000,23991072,163517,8020807402262774394
sparse,200000,200000,dynamic,4,0.001000,65.798000,65.799000,6400000,200000,8020807402262774394
sparse,200000,200000,dynamic_wide,4,0.001000,113.948000,113.949000,6400000,200000,8020807402262774394
sparse,200000,200000,compressed_index,5,29.412000,59.166000,88.578000,23991072,163517,8020807402262774394
sparse,200000,200000,dynamic,5,0.001000,67.405000,67.406000,6400000,200000,8020807402262774394
sparse,200000,200000,dynamic_wide,5,0.002000,114.947000,114.949000,6400000,200000,8020807402262774394
sparse,200000,200000,compressed_x,5,9.892000,59.826000,69.718000,20791072,163517,8020807402262774394
sparse,200000,200000,dynamic,6,0.001000,65.814000,65.815000,6400000,200000,8020807402262774394
sparse,200000,200000,dynamic_wide,6,0.002000,113.313000,113.315000,6400000,200000,8020807402262774394
sparse,200000,200000,compressed_x,6,9.592000,60.444000,70.036000,20791072,163517,8020807402262774394
sparse,200000,200000,compressed_index,6,28.799000,54.328000,83.127000,23991072,163517,8020807402262774394
sparse,1000000,1000000,compressed_x,0,55.502000,582.482000,637.984000,103951136,805610,9821921187256790326
sparse,1000000,1000000,compressed_index,0,189.514000,527.044000,716.558000,119951136,805610,9821921187256790326
sparse,1000000,1000000,dynamic,0,0.003000,715.876000,715.879000,32000000,1000000,9821921187256790326
sparse,1000000,1000000,dynamic_wide,0,0.001000,901.158000,901.159000,32000000,1000000,9821921187256790326
sparse,1000000,1000000,compressed_index,1,176.364000,456.087000,632.451000,119951136,805610,9821921187256790326
sparse,1000000,1000000,dynamic,1,0.002000,594.435000,594.437000,32000000,1000000,9821921187256790326
sparse,1000000,1000000,dynamic_wide,1,0.001000,895.169000,895.170000,32000000,1000000,9821921187256790326
sparse,1000000,1000000,compressed_x,1,70.756000,665.624000,736.380000,103951136,805610,9821921187256790326
sparse,1000000,1000000,dynamic,2,0.002000,683.151000,683.153000,32000000,1000000,9821921187256790326
sparse,1000000,1000000,dynamic_wide,2,0.001000,927.462000,927.463000,32000000,1000000,9821921187256790326
sparse,1000000,1000000,compressed_x,2,55.465000,554.936000,610.401000,103951136,805610,9821921187256790326
sparse,1000000,1000000,compressed_index,2,168.343000,472.918000,641.261000,119951136,805610,9821921187256790326
sparse,1000000,1000000,dynamic_wide,3,0.002000,990.841000,990.843000,32000000,1000000,9821921187256790326
sparse,1000000,1000000,compressed_x,3,60.923000,629.238000,690.161000,103951136,805610,9821921187256790326
sparse,1000000,1000000,compressed_index,3,188.862000,512.428000,701.290000,119951136,805610,9821921187256790326
sparse,1000000,1000000,dynamic,3,0.008000,696.823000,696.831000,32000000,1000000,9821921187256790326
sparse,1000000,1000000,compressed_x,4,54.763000,581.159000,635.922000,103951136,805610,9821921187256790326
sparse,1000000,1000000,compressed_index,4,178.152000,540.485000,718.637000,119951136,805610,9821921187256790326
sparse,1000000,1000000,dynamic,4,0.002000,828.796000,828.798000,32000000,1000000,9821921187256790326
sparse,1000000,1000000,dynamic_wide,4,0.001000,901.130000,901.131000,32000000,1000000,9821921187256790326
sparse,1000000,1000000,compressed_index,5,179.090000,493.028000,672.118000,119951136,805610,9821921187256790326
sparse,1000000,1000000,dynamic,5,0.002000,647.545000,647.547000,32000000,1000000,9821921187256790326
sparse,1000000,1000000,dynamic_wide,5,0.001000,900.078000,900.079000,32000000,1000000,9821921187256790326
sparse,1000000,1000000,compressed_x,5,54.101000,543.952000,598.053000,103951136,805610,9821921187256790326
sparse,1000000,1000000,dynamic,6,0.002000,603.656000,603.658000,32000000,1000000,9821921187256790326
sparse,1000000,1000000,dynamic_wide,6,0.002000,817.806000,817.808000,32000000,1000000,9821921187256790326
sparse,1000000,1000000,compressed_x,6,52.678000,512.087000,564.765000,103951136,805610,9821921187256790326
sparse,1000000,1000000,compressed_index,6,164.204000,514.020000,678.224000,119951136,805610,9821921187256790326
repeated,50000,50000,compressed_x,0,1.594000,5.393000,6.987000,424576,383,15848335432554795781
repeated,50000,50000,compressed_index,0,3.636000,4.947000,8.583000,1224576,383,15848335432554795781
repeated,50000,50000,dynamic,0,0.006000,13.139000,13.145000,1600000,50000,15848335432554795781
repeated,50000,50000,dynamic_wide,0,0.000000,23.010000,23.010000,1600000,50000,15848335432554795781
repeated,50000,50000,compressed_index,1,3.596000,5.230000,8.826000,1224576,383,15848335432554795781
repeated,50000,50000,dynamic,1,0.001000,12.054000,12.055000,1600000,50000,15848335432554795781
repeated,50000,50000,dynamic_wide,1,0.006000,23.074000,23.080000,1600000,50000,15848335432554795781
repeated,50000,50000,compressed_x,1,1.312000,5.417000,6.729000,424576,383,15848335432554795781
repeated,50000,50000,dynamic,2,0.006000,11.238000,11.244000,1600000,50000,15848335432554795781
repeated,50000,50000,dynamic_wide,2,0.001000,22.944000,22.945000,1600000,50000,15848335432554795781
repeated,50000,50000,compressed_x,2,1.300000,5.342000,6.642000,424576,383,15848335432554795781
repeated,50000,50000,compressed_index,2,3.162000,5.091000,8.253000,1224576,383,15848335432554795781
repeated,50000,50000,dynamic_wide,3,0.002000,21.943000,21.945000,1600000,50000,15848335432554795781
repeated,50000,50000,compressed_x,3,1.298000,5.331000,6.629000,424576,383,15848335432554795781
repeated,50000,50000,compressed_index,3,2.804000,4.927000,7.731000,1224576,383,15848335432554795781
repeated,50000,50000,dynamic,3,0.002000,10.954000,10.956000,1600000,50000,15848335432554795781
repeated,50000,50000,compressed_x,4,1.392000,5.163000,6.555000,424576,383,15848335432554795781
repeated,50000,50000,compressed_index,4,2.901000,4.858000,7.759000,1224576,383,15848335432554795781
repeated,50000,50000,dynamic,4,0.001000,13.304000,13.305000,1600000,50000,15848335432554795781
repeated,50000,50000,dynamic_wide,4,0.001000,22.471000,22.472000,1600000,50000,15848335432554795781
repeated,50000,50000,compressed_index,5,3.358000,5.351000,8.709000,1224576,383,15848335432554795781
repeated,50000,50000,dynamic,5,0.001000,15.285000,15.286000,1600000,50000,15848335432554795781
repeated,50000,50000,dynamic_wide,5,0.002000,25.415000,25.417000,1600000,50000,15848335432554795781
repeated,50000,50000,compressed_x,5,1.626000,5.384000,7.010000,424576,383,15848335432554795781
repeated,50000,50000,dynamic,6,0.002000,12.471000,12.473000,1600000,50000,15848335432554795781
repeated,50000,50000,dynamic_wide,6,0.001000,26.841000,26.842000,1600000,50000,15848335432554795781
repeated,50000,50000,compressed_x,6,1.524000,7.132000,8.656000,424576,383,15848335432554795781
repeated,50000,50000,compressed_index,6,3.064000,5.873000,8.937000,1224576,383,15848335432554795781
repeated,200000,200000,compressed_x,0,5.317000,21.981000,27.298000,1624576,383,11704249899840093763
repeated,200000,200000,compressed_index,0,11.649000,20.154000,31.803000,4824576,383,11704249899840093763
repeated,200000,200000,dynamic,0,0.001000,64.958000,64.959000,6400000,200000,11704249899840093763
repeated,200000,200000,dynamic_wide,0,0.007000,112.294000,112.301000,6400000,200000,11704249899840093763
repeated,200000,200000,compressed_index,1,11.828000,20.376000,32.204000,4824576,383,11704249899840093763
repeated,200000,200000,dynamic,1,0.002000,65.471000,65.473000,6400000,200000,11704249899840093763
repeated,200000,200000,dynamic_wide,1,0.003000,116.645000,116.648000,6400000,200000,11704249899840093763
repeated,200000,200000,compressed_x,1,5.257000,21.881000,27.138000,1624576,383,11704249899840093763
repeated,200000,200000,dynamic,2,0.001000,67.847000,67.848000,6400000,200000,11704249899840093763
repeated,200000,200000,dynamic_wide,2,0.002000,111.540000,111.542000,6400000,200000,11704249899840093763
repeated,200000,200000,compressed_x,2,5.352000,22.191000,27.543000,1624576,383,11704249899840093763
repeated,200000,200000,compressed_index,2,11.429000,19.921000,31.350000,4824576,383,11704249899840093763
repeated,200000,200000,dynamic_wide,3,0.002000,107.439000,107.441000,6400000,200000,11704249899840093763
repeated,200000,200000,compressed_x,3,5.709000,21.475000,27.184000,1624576,383,11704249899840093763
repeated,200000,200000,compressed_index,3,11.404000,20.301000,31.705000,4824576,383,11704249899840093763
repeated,200000,200000,dynamic,3,0.008000,66.609000,66.617000,6400000,200000,11704249899840093763
repeated,200000,200000,compressed_x,4,5.237000,22.473000,27.710000,1624576,383,11704249899840093763
repeated,200000,200000,compressed_index,4,11.453000,19.746000,31.199000,4824576,383,11704249899840093763
repeated,200000,200000,dynamic,4,0.001000,63.973000,63.974000,6400000,200000,11704249899840093763
repeated,200000,200000,dynamic_wide,4,0.002000,104.279000,104.281000,6400000,200000,11704249899840093763
repeated,200000,200000,compressed_index,5,11.446000,19.687000,31.133000,4824576,383,11704249899840093763
repeated,200000,200000,dynamic,5,0.001000,60.801000,60.802000,6400000,200000,11704249899840093763
repeated,200000,200000,dynamic_wide,5,0.002000,104.519000,104.521000,6400000,200000,11704249899840093763
repeated,200000,200000,compressed_x,5,5.241000,21.406000,26.647000,1624576,383,11704249899840093763
repeated,200000,200000,dynamic,6,0.001000,59.365000,59.366000,6400000,200000,11704249899840093763
repeated,200000,200000,dynamic_wide,6,0.002000,104.710000,104.712000,6400000,200000,11704249899840093763
repeated,200000,200000,compressed_x,6,5.204000,21.316000,26.520000,1624576,383,11704249899840093763
repeated,200000,200000,compressed_index,6,12.155000,20.227000,32.382000,4824576,383,11704249899840093763
repeated,1000000,1000000,compressed_x,0,29.681000,107.852000,137.533000,8024576,383,5626564287294911588
repeated,1000000,1000000,compressed_index,0,60.805000,98.604000,159.409000,24024576,383,5626564287294911588
repeated,1000000,1000000,dynamic,0,0.001000,593.409000,593.410000,32000000,1000000,5626564287294911588
repeated,1000000,1000000,dynamic_wide,0,0.002000,848.562000,848.564000,32000000,1000000,5626564287294911588
repeated,1000000,1000000,compressed_index,1,59.443000,98.784000,158.227000,24024576,383,5626564287294911588
repeated,1000000,1000000,dynamic,1,0.002000,497.223000,497.225000,32000000,1000000,5626564287294911588
repeated,1000000,1000000,dynamic_wide,1,0.001000,727.627000,727.628000,32000000,1000000,5626564287294911588
repeated,1000000,1000000,compressed_x,1,27.798000,106.076000,133.874000,8024576,383,5626564287294911588
repeated,1000000,1000000,dynamic,2,0.002000,473.483000,473.485000,32000000,1000000,5626564287294911588
repeated,1000000,1000000,dynamic_wide,2,0.002000,742.642000,742.644000,32000000,1000000,5626564287294911588
repeated,1000000,1000000,compressed_x,2,27.791000,106.898000,134.689000,8024576,383,5626564287294911588
repeated,1000000,1000000,compressed_index,2,58.284000,97.784000,156.068000,24024576,383,5626564287294911588
repeated,1000000,1000000,dynamic_wide,3,0.002000,717.659000,717.661000,32000000,1000000,5626564287294911588
repeated,1000000,1000000,compressed_x,3,27.767000,106.351000,134.118000,8024576,383,5626564287294911588
repeated,1000000,1000000,compressed_index,3,58.083000,98.172000,156.255000,24024576,383,5626564287294911588
repeated,1000000,1000000,dynamic,3,0.002000,491.945000,491.947000,32000000,1000000,5626564287294911588
repeated,1000000,1000000,compressed_x,4,27.793000,106.003000,133.796000,8024576,383,5626564287294911588
repeated,1000000,1000000,compressed_index,4,58.531000,96.645000,155.176000,24024576,383,5626564287294911588
repeated,1000000,1000000,dynamic,4,0.002000,517.983000,517.985000,32000000,1000000,5626564287294911588
repeated,1000000,1000000,dynamic_wide,4,0.001000,720.129000,720.130000,32000000,1000000,5626564287294911588
repeated,1000000,1000000,compressed_index,5,61.462000,97.672000,159.134000,24024576,383,5626564287294911588
repeated,1000000,1000000,dynamic,5,0.002000,517.582000,517.584000,32000000,1000000,5626564287294911588
repeated,1000000,1000000,dynamic_wide,5,0.002000,752.645000,752.647000,32000000,1000000,5626564287294911588
repeated,1000000,1000000,compressed_x,5,27.758000,106.052000,133.810000,8024576,383,5626564287294911588
repeated,1000000,1000000,dynamic,6,0.002000,480.526000,480.528000,32000000,1000000,5626564287294911588
repeated,1000000,1000000,dynamic_wide,6,0.001000,709.602000,709.603000,32000000,1000000,5626564287294911588
repeated,1000000,1000000,compressed_x,6,36.436000,105.226000,141.662000,8024576,383,5626564287294911588
repeated,1000000,1000000,compressed_index,6,58.784000,99.999000,158.783000,24024576,383,5626564287294911588
query_heavy,50000,250000,compressed_x,0,12.648000,35.211000,47.859000,25939808,49955,13962941640628283450
query_heavy,50000,250000,compressed_index,0,35.455000,26.901000,62.356000,28339808,49955,13962941640628283450
query_heavy,50000,250000,dynamic,0,0.002000,30.354000,30.356000,1600000,50000,13962941640628283450
query_heavy,50000,250000,dynamic_wide,0,0.007000,61.726000,61.733000,1600000,50000,13962941640628283450
query_heavy,50000,250000,compressed_index,1,35.397000,27.455000,62.852000,28339808,49955,13962941640628283450
query_heavy,50000,250000,dynamic,1,0.011000,35.859000,35.870000,1600000,50000,13962941640628283450
query_heavy,50000,250000,dynamic_wide,1,0.001000,63.293000,63.294000,1600000,50000,13962941640628283450
query_heavy,50000,250000,compressed_x,1,12.081000,35.511000,47.592000,25939808,49955,13962941640628283450
query_heavy,50000,250000,dynamic,2,0.009000,31.050000,31.059000,1600000,50000,13962941640628283450
query_heavy,50000,250000,dynamic_wide,2,0.002000,61.204000,61.206000,1600000,50000,13962941640628283450
query_heavy,50000,250000,compressed_x,2,12.062000,34.329000,46.391000,25939808,49955,13962941640628283450
query_heavy,50000,250000,compressed_index,2,35.248000,26.841000,62.089000,28339808,49955,13962941640628283450
query_heavy,50000,250000,dynamic_wide,3,0.001000,60.762000,60.763000,1600000,50000,13962941640628283450
query_heavy,50000,250000,compressed_x,3,11.870000,36.373000,48.243000,25939808,49955,13962941640628283450
query_heavy,50000,250000,compressed_index,3,36.116000,30.079000,66.195000,28339808,49955,13962941640628283450
query_heavy,50000,250000,dynamic,3,0.002000,35.633000,35.635000,1600000,50000,13962941640628283450
query_heavy,50000,250000,compressed_x,4,12.768000,40.831000,53.599000,25939808,49955,13962941640628283450
query_heavy,50000,250000,compressed_index,4,35.304000,29.957000,65.261000,28339808,49955,13962941640628283450
query_heavy,50000,250000,dynamic,4,0.002000,32.695000,32.697000,1600000,50000,13962941640628283450
query_heavy,50000,250000,dynamic_wide,4,0.001000,66.078000,66.079000,1600000,50000,13962941640628283450
query_heavy,50000,250000,compressed_index,5,43.654000,28.981000,72.635000,28339808,49955,13962941640628283450
query_heavy,50000,250000,dynamic,5,0.002000,34.153000,34.155000,1600000,50000,13962941640628283450
query_heavy,50000,250000,dynamic_wide,5,0.002000,62.297000,62.299000,1600000,50000,13962941640628283450
query_heavy,50000,250000,compressed_x,5,12.109000,38.520000,50.629000,25939808,49955,13962941640628283450
query_heavy,50000,250000,dynamic,6,0.002000,32.120000,32.122000,1600000,50000,13962941640628283450
query_heavy,50000,250000,dynamic_wide,6,0.001000,64.702000,64.703000,1600000,50000,13962941640628283450
query_heavy,50000,250000,compressed_x,6,12.379000,34.820000,47.199000,25939808,49955,13962941640628283450
query_heavy,50000,250000,compressed_index,6,36.493000,28.024000,64.517000,28339808,49955,13962941640628283450
query_heavy,200000,1000000,compressed_x,0,56.069000,386.471000,442.540000,103762976,199821,2820537289693146234
query_heavy,200000,1000000,compressed_index,0,180.903000,174.119000,355.022000,113362976,199821,2820537289693146234
query_heavy,200000,1000000,dynamic,0,0.008000,173.800000,173.808000,6400000,200000,2820537289693146234
query_heavy,200000,1000000,dynamic_wide,0,0.015000,305.348000,305.363000,6400000,200000,2820537289693146234
query_heavy,200000,1000000,compressed_index,1,182.396000,177.927000,360.323000,113362976,199821,2820537289693146234
query_heavy,200000,1000000,dynamic,1,0.010000,177.494000,177.504000,6400000,200000,2820537289693146234
query_heavy,200000,1000000,dynamic_wide,1,0.001000,316.726000,316.727000,6400000,200000,2820537289693146234
query_heavy,200000,1000000,compressed_x,1,55.048000,279.025000,334.073000,103762976,199821,2820537289693146234
query_heavy,200000,1000000,dynamic,2,0.026000,237.864000,237.890000,6400000,200000,2820537289693146234
query_heavy,200000,1000000,dynamic_wide,2,0.017000,351.456000,351.473000,6400000,200000,2820537289693146234
query_heavy,200000,1000000,compressed_x,2,59.947000,259.749000,319.696000,103762976,199821,2820537289693146234
query_heavy,200000,1000000,compressed_index,2,182.599000,175.014000,357.613000,113362976,199821,2820537289693146234
query_heavy,200000,1000000,dynamic_wide,3,0.001000,318.065000,318.066000,6400000,200000,2820537289693146234
query_heavy,200000,1000000,compressed_x,3,55.290000,238.047000,293.337000,103762976,199821,2820537289693146234
query_heavy,200000,1000000,compressed_index,3,170.684000,165.783000,336.467000,113362976,199821,2820537289693146234
query_heavy,200000,1000000,dynamic,3,0.001000,165.614000,165.615000,6400000,200000,2820537289693146234
query_heavy,200000,1000000,compressed_x,4,54.393000,259.730000,314.123000,103762976,199821,2820537289693146234
query_heavy,200000,1000000,compressed_index,4,169.431000,156.027000,325.458000,113362976,199821,2820537289693146234
query_heavy,200000,1000000,dynamic,4,0.002000,155.176000,155.178000,6400000,200000,2820537289693146234
query_heavy,200000,1000000,dynamic_wide,4,0.000000,278.799000,278.799000,6400000,200000,2820537289693146234
query_heavy,200000,1000000,compressed_index,5,175.677000,172.423000,348.100000,113362976,199821,2820537289693146234
query_heavy,200000,1000000,dynamic,5,0.010000,167.319000,167.329000,6400000,200000,2820537289693146234
query_heavy,200000,1000000,dynamic_wide,5,0.001000,326.137000,326.138000,6400000,200000,2820537289693146234
query_heavy,200000,1000000,compressed_x,5,53.994000,227.683000,281.677000,103762976,199821,2820537289693146234
query_heavy,200000,1000000,dynamic,6,0.007000,163.285000,163.292000,6400000,200000,2820537289693146234
query_heavy,200000,1000000,dynamic_wide,6,0.001000,295.041000,295.042000,6400000,200000,2820537289693146234
query_heavy,200000,1000000,compressed_x,6,57.527000,221.878000,279.405000,103762976,199821,2820537289693146234
query_heavy,200000,1000000,compressed_index,6,185.070000,182.253000,367.323000,113362976,199821,2820537289693146234
query_heavy,1000000,5000000,compressed_x,0,442.318000,3096.904000,3539.222000,518784448,999159,1051157778695560977
query_heavy,1000000,5000000,compressed_index,0,2229.884000,1825.855000,4055.739000,566784448,999159,1051157778695560977
query_heavy,1000000,5000000,dynamic,0,0.009000,3194.913000,3194.922000,32000000,1000000,1051157778695560977
query_heavy,1000000,5000000,dynamic_wide,0,0.001000,3894.290000,3894.291000,32000000,1000000,1051157778695560977
query_heavy,1000000,5000000,compressed_index,1,2354.396000,2671.739000,5026.135000,566784448,999159,1051157778695560977
query_heavy,1000000,5000000,dynamic,1,0.009000,3915.420000,3915.429000,32000000,1000000,1051157778695560977
query_heavy,1000000,5000000,dynamic_wide,1,0.006000,4074.040000,4074.046000,32000000,1000000,1051157778695560977
query_heavy,1000000,5000000,compressed_x,1,589.782000,5194.446000,5784.228000,518784448,999159,1051157778695560977
query_heavy,1000000,5000000,dynamic,2,0.010000,3211.734000,3211.744000,32000000,1000000,1051157778695560977
query_heavy,1000000,5000000,dynamic_wide,2,0.003000,4727.926000,4727.929000,32000000,1000000,1051157778695560977
query_heavy,1000000,5000000,compressed_x,2,534.906000,2987.601000,3522.507000,518784448,999159,1051157778695560977
query_heavy,1000000,5000000,compressed_index,2,1882.190000,1552.439000,3434.629000,566784448,999159,1051157778695560977
query_heavy,1000000,5000000,dynamic_wide,3,0.007000,4190.249000,4190.256000,32000000,1000000,1051157778695560977
query_heavy,1000000,5000000,compressed_x,3,710.604000,3839.173000,4549.777000,518784448,999159,1051157778695560977
query_heavy,1000000,5000000,compressed_index,3,1723.832000,1721.023000,3444.855000,566784448,999159,1051157778695560977
query_heavy,1000000,5000000,dynamic,3,0.006000,3838.561000,3838.567000,32000000,1000000,1051157778695560977
query_heavy,1000000,5000000,compressed_x,4,529.282000,3541.619000,4070.901000,518784448,999159,1051157778695560977
query_heavy,1000000,5000000,compressed_index,4,2013.842000,1831.075000,3844.917000,566784448,999159,1051157778695560977
query_heavy,1000000,5000000,dynamic,4,0.008000,2872.583000,2872.591000,32000000,1000000,1051157778695560977
query_heavy,1000000,5000000,dynamic_wide,4,0.001000,3270.291000,3270.292000,32000000,1000000,1051157778695560977
query_heavy,1000000,5000000,compressed_index,5,1620.508000,1429.900000,3050.408000,566784448,999159,1051157778695560977
query_heavy,1000000,5000000,dynamic,5,0.011000,2716.376000,2716.387000,32000000,1000000,1051157778695560977
query_heavy,1000000,5000000,dynamic_wide,5,0.001000,4054.900000,4054.901000,32000000,1000000,1051157778695560977
query_heavy,1000000,5000000,compressed_x,5,506.574000,3094.334000,3600.908000,518784448,999159,1051157778695560977
query_heavy,1000000,5000000,dynamic,6,0.012000,3971.046000,3971.058000,32000000,1000000,1051157778695560977
query_heavy,1000000,5000000,dynamic_wide,6,0.009000,3513.421000,3513.430000,32000000,1000000,1051157778695560977
query_heavy,1000000,5000000,compressed_x,6,625.881000,3429.514000,4055.395000,518784448,999159,1051157778695560977
query_heavy,1000000,5000000,compressed_index,6,2458.810000,1552.904000,4011.714000,566784448,999159,1051157778695560977
segment_wide,50000,50000,compressed_x,0,2.352000,31.057000,33.409000,5197792,62684,9901168199774192092
segment_wide,50000,50000,compressed_index,0,12.727000,23.262000,35.989000,5997792,62684,9901168199774192092
segment_wide,50000,50000,dynamic,0,0.002000,78.213000,78.215000,51200000,1235151,9901168199774192092
segment_wide,50000,50000,dynamic_wide,0,0.039000,121.556000,121.595000,51200000,1223730,9901168199774192092
segment_wide,50000,50000,compressed_index,1,15.234000,29.507000,44.741000,5997792,62684,9901168199774192092
segment_wide,50000,50000,dynamic,1,0.001000,79.825000,79.826000,51200000,1235151,9901168199774192092
segment_wide,50000,50000,dynamic_wide,1,0.026000,117.372000,117.398000,51200000,1223730,9901168199774192092
segment_wide,50000,50000,compressed_x,1,2.424000,33.435000,35.859000,5197792,62684,9901168199774192092
segment_wide,50000,50000,dynamic,2,0.011000,72.813000,72.824000,51200000,1235151,9901168199774192092
segment_wide,50000,50000,dynamic_wide,2,0.001000,98.109000,98.110000,51200000,1223730,9901168199774192092
segment_wide,50000,50000,compressed_x,2,2.187000,31.986000,34.173000,5197792,62684,9901168199774192092
segment_wide,50000,50000,compressed_index,2,16.923000,29.521000,46.444000,5997792,62684,9901168199774192092
segment_wide,50000,50000,dynamic_wide,3,0.002000,93.694000,93.696000,51200000,1223730,9901168199774192092
segment_wide,50000,50000,compressed_x,3,2.243000,35.681000,37.924000,5197792,62684,9901168199774192092
segment_wide,50000,50000,compressed_index,3,13.253000,29.014000,42.267000,5997792,62684,9901168199774192092
segment_wide,50000,50000,dynamic,3,0.001000,68.837000,68.838000,51200000,1235151,9901168199774192092
segment_wide,50000,50000,compressed_x,4,3.400000,31.813000,35.213000,5197792,62684,9901168199774192092
segment_wide,50000,50000,compressed_index,4,12.826000,24.170000,36.996000,5997792,62684,9901168199774192092
segment_wide,50000,50000,dynamic,4,0.001000,59.838000,59.839000,51200000,1235151,9901168199774192092
segment_wide,50000,50000,dynamic_wide,4,0.001000,84.008000,84.009000,51200000,1223730,9901168199774192092
segment_wide,50000,50000,compressed_index,5,12.522000,26.366000,38.888000,5997792,62684,9901168199774192092
segment_wide,50000,50000,dynamic,5,0.001000,66.507000,66.508000,51200000,1235151,9901168199774192092
segment_wide,50000,50000,dynamic_wide,5,0.002000,83.454000,83.456000,51200000,1223730,9901168199774192092
segment_wide,50000,50000,compressed_x,5,2.178000,31.502000,33.680000,5197792,62684,9901168199774192092
segment_wide,50000,50000,dynamic,6,0.001000,64.682000,64.683000,51200000,1235151,9901168199774192092
segment_wide,50000,50000,dynamic_wide,6,0.002000,93.125000,93.127000,51200000,1223730,9901168199774192092
segment_wide,50000,50000,compressed_x,6,2.536000,45.794000,48.330000,5197792,62684,9901168199774192092
segment_wide,50000,50000,compressed_index,6,13.762000,23.976000,37.738000,5997792,62684,9901168199774192092
segment_wide,200000,200000,compressed_x,0,9.900000,166.720000,176.620000,20791168,251750,1185229416926764713
segment_wide,200000,200000,compressed_index,0,63.050000,139.534000,202.584000,23991168,251750,1185229416926764713
segment_wide,200000,200000,dynamic,0,0.001000,408.768000,408.769000,204800000,4943225,1185229416926764713
segment_wide,200000,200000,dynamic_wide,0,0.003000,541.025000,541.028000,204800000,4894864,1185229416926764713
segment_wide,200000,200000,compressed_index,1,64.882000,161.450000,226.332000,23991168,251750,1185229416926764713
segment_wide,200000,200000,dynamic,1,0.002000,467.027000,467.029000,204800000,4943225,1185229416926764713
segment_wide,200000,200000,dynamic_wide,1,0.002000,497.417000,497.419000,204800000,4894864,1185229416926764713
segment_wide,200000,200000,compressed_x,1,9.811000,164.886000,174.697000,20791168,251750,1185229416926764713
segment_wide,200000,200000,dynamic,2,0.002000,379.561000,379.563000,204800000,4943225,1185229416926764713
segment_wide,200000,200000,dynamic_wide,2,0.003000,486.021000,486.024000,204800000,4894864,1185229416926764713
segment_wide,200000,200000,compressed_x,2,9.761000,157.936000,167.697000,20791168,251750,1185229416926764713
segment_wide,200000,200000,compressed_index,2,60.618000,165.236000,225.854000,23991168,251750,1185229416926764713
segment_wide,200000,200000,dynamic_wide,3,0.002000,644.394000,644.396000,204800000,4894864,1185229416926764713
segment_wide,200000,200000,compressed_x,3,12.285000,224.144000,236.429000,20791168,251750,1185229416926764713
segment_wide,200000,200000,compressed_index,3,78.905000,143.998000,222.903000,23991168,251750,1185229416926764713
segment_wide,200000,200000,dynamic,3,0.003000,424.829000,424.832000,204800000,4943225,1185229416926764713
segment_wide,200000,200000,compressed_x,4,9.704000,173.557000,183.261000,20791168,251750,1185229416926764713
segment_wide,200000,200000,compressed_index,4,62.673000,138.792000,201.465000,23991168,251750,1185229416926764713
segment_wide,200000,200000,dynamic,4,0.001000,434.897000,434.898000,204800000,4943225,1185229416926764713
segment_wide,200000,200000,dynamic_wide,4,0.002000,483.708000,483.710000,204800000,4894864,1185229416926764713
segment_wide,200000,200000,compressed_index,5,61.991000,131.404000,193.395000,23991168,251750,1185229416926764713
segment_wide,200000,200000,dynamic,5,0.019000,437.338000,437.357000,204800000,4943225,1185229416926764713
segment_wide,200000,200000,dynamic_wide,5,0.008000,478.506000,478.514000,204800000,4894864,1185229416926764713
segment_wide,200000,200000,compressed_x,5,10.031000,176.863000,186.894000,20791168,251750,1185229416926764713
segment_wide,200000,200000,dynamic,6,0.001000,502.130000,502.131000,204800000,4943225,1185229416926764713
segment_wide,200000,200000,dynamic_wide,6,0.010000,504.076000,504.086000,204800000,4894864,1185229416926764713
segment_wide,200000,200000,compressed_x,6,10.723000,162.208000,172.931000,20791168,251750,1185229416926764713
segment_wide,200000,200000,compressed_index,6,124.952000,179.494000,304.446000,23991168,251750,1185229416926764713
segment_narrow,50000,50000,compressed_x,0,3.178000,17.692000,20.870000,5196832,53423,9973019325061050349
segment_narrow,50000,50000,compressed_index,0,12.214000,11.567000,23.781000,5996832,53423,9973019325061050349
segment_narrow,50000,50000,dynamic,0,0.002000,47.321000,47.323000,51200000,997078,9973019325061050349
segment_narrow,50000,50000,dynamic_wide,0,0.002000,61.493000,61.495000,51200000,896182,9973019325061050349
segment_narrow,50000,50000,compressed_index,1,12.990000,11.513000,24.503000,5996832,53423,9973019325061050349
segment_narrow,50000,50000,dynamic,1,0.002000,45.762000,45.764000,51200000,997078,9973019325061050349
segment_narrow,50000,50000,dynamic_wide,1,0.002000,59.310000,59.312000,51200000,896182,9973019325061050349
segment_narrow,50000,50000,compressed_x,1,2.350000,17.704000,20.054000,5196832,53423,9973019325061050349
segment_narrow,50000,50000,dynamic,2,0.001000,46.088000,46.089000,51200000,997078,9973019325061050349
segment_narrow,50000,50000,dynamic_wide,2,0.002000,59.816000,59.818000,51200000,896182,9973019325061050349
segment_narrow,50000,50000,compressed_x,2,2.322000,17.872000,20.194000,5196832,53423,9973019325061050349
segment_narrow,50000,50000,compressed_index,2,15.540000,10.989000,26.529000,5996832,53423,9973019325061050349
segment_narrow,50000,50000,dynamic_wide,3,0.001000,55.286000,55.287000,51200000,896182,9973019325061050349
segment_narrow,50000,50000,compressed_x,3,2.152000,16.659000,18.811000,5196832,53423,9973019325061050349
segment_narrow,50000,50000,compressed_index,3,12.138000,10.324000,22.462000,5996832,53423,9973019325061050349
segment_narrow,50000,50000,dynamic,3,0.001000,40.226000,40.227000,51200000,997078,9973019325061050349
segment_narrow,50000,50000,compressed_x,4,2.159000,16.958000,19.117000,5196832,53423,9973019325061050349
segment_narrow,50000,50000,compressed_index,4,11.789000,9.937000,21.726000,5996832,53423,9973019325061050349
segment_narrow,50000,50000,dynamic,4,0.002000,38.698000,38.700000,51200000,997078,9973019325061050349
segment_narrow,50000,50000,dynamic_wide,4,0.004000,49.608000,49.612000,51200000,896182,9973019325061050349
segment_narrow,50000,50000,compressed_index,5,11.855000,9.862000,21.717000,5996832,53423,9973019325061050349
segment_narrow,50000,50000,dynamic,5,0.001000,37.717000,37.718000,51200000,997078,9973019325061050349
segment_narrow,50000,50000,dynamic_wide,5,0.001000,52.749000,52.750000,51200000,896182,9973019325061050349
segment_narrow,50000,50000,compressed_x,5,3.540000,17.665000,21.205000,5196832,53423,9973019325061050349
segment_narrow,50000,50000,dynamic,6,0.003000,41.847000,41.850000,51200000,997078,9973019325061050349
segment_narrow,50000,50000,dynamic_wide,6,0.002000,53.459000,53.461000,51200000,896182,9973019325061050349
segment_narrow,50000,50000,compressed_x,6,2.088000,16.664000,18.752000,5196832,53423,9973019325061050349
segment_narrow,50000,50000,compressed_index,6,13.231000,9.946000,23.177000,5996832,53423,9973019325061050349
segment_narrow,200000,200000,compressed_x,0,9.803000,93.230000,103.033000,20791072,213798,11367417914415632014
segment_narrow,200000,200000,compressed_index,0,58.110000,61.335000,119.445000,23991072,213798,11367417914415632014
segment_narrow,200000,200000,dynamic,0,0.000000,271.316000,271.316000,204800000,3988438,11367417914415632014
segment_narrow,200000,200000,dynamic_wide,0,0.015000,316.622000,316.637000,204800000,3584464,11367417914415632014
segment_narrow,200000,200000,compressed_index,1,56.871000,60.325000,117.196000,23991072,213798,11367417914415632014
segment_narrow,200000,200000,dynamic,1,0.001000,269.901000,269.902000,204800000,3988438,11367417914415632014
segment_narrow,200000,200000,dynamic_wide,1,0.003000,304.570000,304.573000,204800000,3584464,11367417914415632014
segment_narrow,200000,200000,compressed_x,1,10.309000,96.501000,106.810000,20791072,213798,11367417914415632014
segment_narrow,200000,200000,dynamic,2,0.002000,313.694000,313.696000,204800000,3988438,11367417914415632014
segment_narrow,200000,200000,dynamic_wide,2,0.001000,351.052000,351.053000,204800000,3584464,11367417914415632014
segment_narrow,200000,200000,compressed_x,2,10.622000,113.988000,124.610000,20791072,213798,11367417914415632014
segment_narrow,200000,200000,compressed_index,2,58.803000,70.908000,129.711000,23991072,213798,11367417914415632014
segment_narrow,200000,200000,dynamic_wide,3,0.005000,365.148000,365.153000,204800000,3584464,11367417914415632014
segment_narrow,200000,200000,compressed_x,3,10.004000,101.308000,111.312000,20791072,213798,11367417914415632014
segment_narrow,200000,200000,compressed_index,3,59.992000,68.296000,128.288000,23991072,213798,11367417914415632014
segment_narrow,200000,200000,dynamic,3,0.001000,311.821000,311.822000,204800000,3988438,11367417914415632014
segment_narrow,200000,200000,compressed_x,4,9.988000,108.067000,118.055000,20791072,213798,11367417914415632014
segment_narrow,200000,200000,compressed_index,4,66.728000,75.500000,142.228000,23991072,213798,11367417914415632014
segment_narrow,200000,200000,dynamic,4,0.001000,291.934000,291.935000,204800000,3988438,11367417914415632014
segment_narrow,200000,200000,dynamic_wide,4,0.005000,375.554000,375.559000,204800000,3584464,11367417914415632014
segment_narrow,200000,200000,compressed_index,5,61.439000,70.206000,131.645000,23991072,213798,11367417914415632014
segment_narrow,200000,200000,dynamic,5,0.001000,308.448000,308.449000,204800000,3988438,11367417914415632014
segment_narrow,200000,200000,dynamic_wide,5,0.004000,343.257000,343.261000,204800000,3584464,11367417914415632014
segment_narrow,200000,200000,compressed_x,5,12.053000,93.832000,105.885000,20791072,213798,11367417914415632014
segment_narrow,200000,200000,dynamic,6,0.005000,269.763000,269.768000,204800000,3988438,11367417914415632014
segment_narrow,200000,200000,dynamic_wide,6,0.007000,315.263000,315.270000,204800000,3584464,11367417914415632014
segment_narrow,200000,200000,compressed_x,6,9.717000,90.324000,100.041000,20791072,213798,11367417914415632014
segment_narrow,200000,200000,compressed_index,6,58.605000,59.805000,118.410000,23991072,213798,11367417914415632014
