dataset,method,n,q,repeats,setup_ms,walk_ms,total_ms,min_total_ms,max_total_ms,moves
random,current6,200000,200000,5,136.423,40.094,176.340,173.482,181.449,73161333
random,key6,200000,200000,5,76.667,39.912,116.579,113.145,119.049,73161333
random,radix6,200000,200000,5,14.195,39.269,53.662,50.855,56.439,73164197
random,bucket6,200000,200000,5,17.363,41.158,58.521,55.447,60.365,73157297
random,radix_bucket6,200000,200000,5,7.069,39.355,46.424,45.512,50.707,73157445
random,library,200000,200000,5,5.528,41.597,47.093,45.488,50.748,73157445
random,key2,200000,200000,5,25.970,42.295,68.265,67.301,70.493,74620552
random,key1,200000,200000,5,12.024,40.380,52.539,51.690,55.366,73161333
random,key6_local,200000,200000,5,77.662,37.524,114.899,112.539,118.497,69863405
random,hilbert,200000,200000,5,29.259,43.596,72.855,71.854,75.877,78396638
random,origin6,200000,200000,5,75.631,41.037,116.399,114.807,119.647,73161333
band_edges,current6,200000,200000,5,133.179,22.775,155.386,154.422,159.490,36975568
band_edges,key6,200000,200000,5,74.596,22.365,97.108,96.332,98.124,36975568
band_edges,radix6,200000,200000,5,15.267,22.464,37.731,36.380,39.489,36975540
band_edges,bucket6,200000,200000,5,17.321,22.611,39.764,39.547,40.814,36975600
band_edges,radix_bucket6,200000,200000,5,6.978,23.319,30.903,29.507,31.386,36975596
band_edges,library,200000,200000,5,5.691,23.388,29.013,27.257,29.247,36975596
band_edges,key2,200000,200000,5,24.958,27.862,52.820,51.798,54.202,44988023
band_edges,key1,200000,200000,5,12.344,51.232,63.295,61.192,64.462,91083813
band_edges,key6_local,200000,200000,5,76.979,22.434,99.413,96.928,102.633,36975160
band_edges,hilbert,200000,200000,5,28.312,31.621,59.666,59.256,64.417,53441524
band_edges,origin6,200000,200000,5,74.507,22.305,96.727,96.037,98.690,36975568
random,current6,200000,1000,5,0.412,2.266,2.612,2.593,2.737,5163357
random,key6,200000,1000,5,0.157,2.362,2.524,2.367,2.554,5163357
random,radix6,200000,1000,5,0.468,2.314,2.787,2.775,2.870,5163357
random,bucket6,200000,1000,5,0.052,2.290,2.345,2.281,2.381,5163357
random,radix_bucket6,200000,1000,5,0.076,2.340,2.417,2.334,2.456,5163357
random,library,200000,1000,5,0.027,2.341,2.364,2.326,2.420,5163357
random,key2,200000,1000,5,0.044,2.392,2.432,2.395,2.469,5385208
random,key1,200000,1000,5,0.020,2.351,2.367,2.335,2.395,5163357
random,key6_local,200000,1000,5,0.122,2.233,2.308,2.280,2.458,4923545
random,hilbert,200000,1000,5,0.115,2.500,2.625,2.605,2.672,5843311
random,origin6,200000,1000,5,0.105,2.349,2.438,2.380,2.562,5163357
random,current6,20000,200000,5,132.187,7.433,139.620,138.393,140.733,7315995
random,key6,20000,200000,5,75.350,7.283,82.475,82.039,85.215,7315995
random,radix6,20000,200000,5,16.268,7.479,23.747,22.702,26.282,7313903
random,bucket6,20000,200000,5,16.097,7.351,23.448,23.222,23.790,7316225
random,radix_bucket6,20000,200000,5,6.245,7.358,13.603,13.438,14.350,7314947
random,library,20000,200000,5,4.618,7.379,12.023,11.794,12.374,7314947
random,key2,20000,200000,5,25.217,7.703,32.954,32.484,33.473,7490283
random,key1,20000,200000,5,12.129,8.496,20.592,20.451,20.983,7315995
random,key6_local,20000,200000,5,76.386,7.721,84.131,83.402,84.989,6994679
random,hilbert,20000,200000,5,25.927,9.677,35.604,35.154,36.337,7838029
random,origin6,20000,200000,5,75.581,7.385,82.684,82.075,83.249,7315995
