dataset,method,n,q,repeat,walk_ms,cpu_ms
random_vertex,bytes,200000,200000,0,643.149,522.005
random_vertex,branchless,200000,200000,0,304.507,296.771
random_vertex,bits,200000,200000,0,488.754,449.682
random_vertex,branchless,200000,200000,1,330.299,322.672
random_vertex,bits,200000,200000,1,441.588,429.422
random_vertex,bytes,200000,200000,1,492.534,464.374
random_vertex,bits,200000,200000,2,435.837,416.508
random_vertex,bytes,200000,200000,2,440.846,424.124
random_vertex,branchless,200000,200000,2,291.651,285.923
random_vertex,bytes,200000,200000,3,413.615,405.480
random_vertex,branchless,200000,200000,3,285.437,280.734
random_vertex,bits,200000,200000,3,396.046,388.456
random_vertex,branchless,200000,200000,4,285.865,279.566
random_vertex,bits,200000,200000,4,405.275,393.431
random_vertex,bytes,200000,200000,4,417.622,406.449
random_vertex,bits,200000,200000,5,496.970,403.214
random_vertex,bytes,200000,200000,5,502.333,456.056
random_vertex,branchless,200000,200000,5,347.130,323.359
random_vertex,bytes,200000,200000,6,465.001,437.616
random_vertex,branchless,200000,200000,6,281.481,276.520
random_vertex,bits,200000,200000,6,406.946,393.219
random_edge,bytes,200000,200000,0,464.387,459.497
random_edge,branchless,200000,200000,0,300.875,295.283
random_edge,bits,200000,200000,0,445.123,436.112
random_edge,branchless,200000,200000,1,315.081,309.277
random_edge,bits,200000,200000,1,435.167,427.932
random_edge,bytes,200000,200000,1,475.624,470.733
random_edge,bits,200000,200000,2,431.689,423.595
random_edge,bytes,200000,200000,2,483.055,475.136
random_edge,branchless,200000,200000,2,314.528,305.603
random_edge,bytes,200000,200000,3,474.769,464.015
random_edge,branchless,200000,200000,3,317.767,309.264
random_edge,bits,200000,200000,3,456.728,438.675
random_edge,branchless,200000,200000,4,288.874,284.358
random_edge,bits,200000,200000,4,420.121,415.131
random_edge,bytes,200000,200000,4,472.644,464.854
random_edge,bits,200000,200000,5,422.410,416.447
random_edge,bytes,200000,200000,5,468.114,460.232
random_edge,branchless,200000,200000,5,287.901,285.259
random_edge,bytes,200000,200000,6,465.308,459.767
random_edge,branchless,200000,200000,6,296.523,290.631
random_edge,bits,200000,200000,6,426.459,419.016
chain_vertex,bytes,200000,200000,0,77.955,76.817
chain_vertex,branchless,200000,200000,0,99.709,96.286
chain_vertex,bits,200000,200000,0,169.972,165.886
chain_vertex,branchless,200000,200000,1,95.533,93.868
chain_vertex,bits,200000,200000,1,184.512,174.082
chain_vertex,bytes,200000,200000,1,96.190,89.354
chain_vertex,bits,200000,200000,2,186.025,175.782
chain_vertex,bytes,200000,200000,2,99.493,92.453
chain_vertex,branchless,200000,200000,2,118.903,112.227
chain_vertex,bytes,200000,200000,3,134.165,122.103
chain_vertex,branchless,200000,200000,3,114.630,110.610
chain_vertex,bits,200000,200000,3,166.906,164.692
chain_vertex,branchless,200000,200000,4,95.422,93.576
chain_vertex,bits,200000,200000,4,161.867,161.061
chain_vertex,bytes,200000,200000,4,75.305,74.516
chain_vertex,bits,200000,200000,5,162.822,161.872
chain_vertex,bytes,200000,200000,5,74.466,74.119
chain_vertex,branchless,200000,200000,5,89.251,88.856
chain_vertex,bytes,200000,200000,6,72.995,72.667
chain_vertex,branchless,200000,200000,6,88.850,88.488
chain_vertex,bits,200000,200000,6,162.865,161.878
chain_edge,bytes,200000,200000,0,95.768,94.647
chain_edge,branchless,200000,200000,0,97.275,96.121
chain_edge,bits,200000,200000,0,165.014,163.762
chain_edge,branchless,200000,200000,1,97.543,96.342
chain_edge,bits,200000,200000,1,164.849,163.787
chain_edge,bytes,200000,200000,1,94.814,94.145
chain_edge,bits,200000,200000,2,163.182,162.547
chain_edge,bytes,200000,200000,2,92.557,92.297
chain_edge,branchless,200000,200000,2,94.060,93.603
chain_edge,bytes,200000,200000,3,92.815,92.496
chain_edge,branchless,200000,200000,3,93.614,93.379
chain_edge,bits,200000,200000,3,161.537,160.919
chain_edge,branchless,200000,200000,4,91.920,91.616
chain_edge,bits,200000,200000,4,161.825,161.491
chain_edge,bytes,200000,200000,4,92.858,92.598
chain_edge,bits,200000,200000,5,164.486,163.576
chain_edge,bytes,200000,200000,5,98.804,96.668
chain_edge,branchless,200000,200000,5,98.567,97.680
chain_edge,bytes,200000,200000,6,100.732,98.553
chain_edge,branchless,200000,200000,6,97.532,96.809
chain_edge,bits,200000,200000,6,162.313,161.691
star_vertex,bytes,200000,200000,0,198.993,198.510
star_vertex,branchless,200000,200000,0,309.481,308.320
star_vertex,bits,200000,200000,0,214.578,212.820
star_vertex,branchless,200000,200000,1,308.054,306.872
star_vertex,bits,200000,200000,1,204.917,204.387
star_vertex,bytes,200000,200000,1,198.825,198.054
star_vertex,bits,200000,200000,2,201.078,200.404
star_vertex,bytes,200000,200000,2,198.920,198.196
star_vertex,branchless,200000,200000,2,310.315,308.653
star_vertex,bytes,200000,200000,3,198.297,197.626
star_vertex,branchless,200000,200000,3,310.756,308.341
star_vertex,bits,200000,200000,3,218.128,217.302
star_vertex,branchless,200000,200000,4,310.228,308.190
star_vertex,bits,200000,200000,4,207.236,206.567
star_vertex,bytes,200000,200000,4,198.745,198.104
star_vertex,bits,200000,200000,5,198.310,197.686
star_vertex,bytes,200000,200000,5,197.955,197.542
star_vertex,branchless,200000,200000,5,308.708,307.455
star_vertex,bytes,200000,200000,6,198.653,197.976
star_vertex,branchless,200000,200000,6,311.716,309.269
star_vertex,bits,200000,200000,6,206.933,206.074
star_edge,bytes,200000,200000,0,236.963,236.077
star_edge,branchless,200000,200000,0,323.723,322.464
star_edge,bits,200000,200000,0,266.767,259.914
star_edge,branchless,200000,200000,1,326.791,324.265
star_edge,bits,200000,200000,1,253.123,251.924
star_edge,bytes,200000,200000,1,239.106,237.867
star_edge,bits,200000,200000,2,254.788,252.997
star_edge,bytes,200000,200000,2,236.991,236.229
star_edge,branchless,200000,200000,2,323.865,322.812
star_edge,bytes,200000,200000,3,237.591,236.661
star_edge,branchless,200000,200000,3,327.969,324.789
star_edge,bits,200000,200000,3,248.138,247.264
star_edge,branchless,200000,200000,4,323.323,322.190
star_edge,bits,200000,200000,4,248.701,248.065
star_edge,bytes,200000,200000,4,238.071,237.528
star_edge,bits,200000,200000,5,252.619,251.625
star_edge,bytes,200000,200000,5,233.045,232.676
star_edge,branchless,200000,200000,5,317.081,316.624
star_edge,bytes,200000,200000,6,239.233,238.526
star_edge,branchless,200000,200000,6,325.645,324.346
star_edge,bits,200000,200000,6,260.154,257.553
