workload,n,queries,current_ms,range_ms,ratio
sum_prod,1024,200000,8.415,5.454,0.648
sum_set,1024,200000,1.402,1.968,1.404
affine_prod,1024,200000,8.559,5.547,0.648
affine_set,1024,200000,5.065,5.043,0.996
dual_apply_get,1024,200000,13.641,14.146,1.037
lazy_apply_prod,1024,200000,18.795,18.193,0.968
lazy_point_set_get,1024,200000,4.781,5.199,1.087
sum_prod,200000,200000,15.558,10.141,0.652
sum_set,200000,200000,5.494,5.794,1.055
affine_prod,200000,200000,16.110,12.550,0.779
affine_set,200000,200000,18.500,18.750,1.014
dual_apply_get,200000,200000,33.409,34.106,1.021
lazy_apply_prod,200000,200000,46.985,46.635,0.993
lazy_point_set_get,200000,200000,24.060,25.857,1.075
sum_prod,1048576,200000,18.221,20.569,1.129
sum_set,1048576,200000,13.380,13.960,1.043
affine_prod,1048576,200000,19.979,27.616,1.382
affine_set,1048576,200000,34.718,34.723,1.000
dual_apply_get,1048576,200000,46.416,48.445,1.044
lazy_apply_prod,1048576,200000,62.682,66.562,1.062
lazy_point_set_get,1048576,200000,38.811,39.082,1.007
