type,B,case,before_ms,after_ms,speedup
ll,512,random,38.801,20.541,1.889
ll,512,prefix,24.691,13.746,1.796
ll,512,suffix,51.056,14.562,3.506
ll,512,short,2.496,1.588,1.572
ll,512,aligned,7.183,4.703,1.527
ll,512,last_block,12.062,0.245,49.233
ll,512,updates_99pct,0.468,0.412,1.136
modint,512,random,63.382,26.830,2.362
modint,512,prefix,49.852,21.117,2.361
modint,512,suffix,86.254,21.459,4.019
modint,512,short,1.793,2.069,0.867
modint,512,aligned,12.537,6.025,2.081
modint,512,last_block,32.632,0.484,67.421
modint,512,updates_99pct,1.088,1.096,0.993
ll,1000,random,49.329,30.564,1.614
ll,1000,prefix,34.940,18.908,1.848
ll,1000,suffix,30.548,17.156,1.781
ll,1000,short,1.554,1.386,1.121
ll,1000,aligned,3.462,2.824,1.226
ll,1000,last_block,0.350,0.232,1.509
ll,1000,updates_99pct,0.602,0.458,1.314
modint,1000,random,111.279,43.706,2.546
modint,1000,prefix,57.580,24.717,2.330
modint,1000,suffix,65.734,25.783,2.550
modint,1000,short,1.901,1.830,1.039
modint,1000,aligned,7.030,4.276,1.644
modint,1000,last_block,0.336,0.365,0.921
modint,1000,updates_99pct,1.339,0.705,1.899
