compiler,case,mode,init_ms,dp_ms,total_ms,answer,repeats,seed
gcc,knapsack_100_100000,nested,2.166000,5.800000,7.988000,45611773405,9,20261005
gcc,knapsack_100_100000,row_major,1.740000,6.196000,7.991000,45611773405,9,20261005
gcc,knapsack_100_100000,small_first,1.708000,27.475000,29.236000,45611773405,9,20261005
gcc,lcs_1000_3000,nested,0.313000,1.791000,2.111000,969,9,20261005
gcc,lcs_1000_3000,row_major,0.415000,1.592000,2.007000,969,9,20261005
gcc,lcs_1000_3000,small_first,0.413000,2.823000,3.232000,969,9,20261005
gcc,lcs_1000_3000_reversed_indices,nested,0.370000,27.516000,28.030000,969,9,20261005
gcc,lcs_1000_3000_reversed_indices,row_major,0.390000,2.716000,3.106000,969,9,20261005
gcc,lcs_1000_3000_reversed_indices,small_first,0.396000,2.861000,3.269000,969,9,20261005
gcc,lcs_3000_1000,nested,0.365000,1.808000,2.173000,969,9,20261005
gcc,lcs_3000_1000,row_major,0.416000,1.599000,2.016000,969,9,20261005
gcc,lcs_3000_1000,small_first,0.412000,1.597000,2.009000,969,9,20261005
gcc,lcs_3000_1000_reversed_indices,nested,0.331000,24.657000,24.988000,969,9,20261005
gcc,lcs_3000_1000_reversed_indices,row_major,0.390000,1.918000,2.307000,969,9,20261005
gcc,lcs_3000_1000_reversed_indices,small_first,0.413000,1.816000,2.233000,969,9,20261005
gcc,slimes_400,nested,0.043000,6.840000,6.882000,1499475341163,9,20261005
gcc,slimes_400,row_major,0.025000,5.708000,5.734000,1499475341163,9,20261005
gcc,slimes_400,small_first,0.024000,5.735000,5.762000,1499475341163,9,20261005
gcc,capped_knapsack_50_10000_10,nested,21.841000,5.046000,26.902000,906,9,20261005
gcc,capped_knapsack_50_10000_10,row_major,0.780000,4.937000,5.717000,906,9,20261005
gcc,capped_knapsack_50_10000_10,small_first,0.774000,7.649000,8.422000,906,9,20261005
gcc,digit_sum_10000_100,nested,34.784000,23.963000,58.928000,806192083,9,20261005
gcc,digit_sum_10000_100,row_major,0.275000,37.684000,37.959000,806192083,9,20261005
gcc,digit_sum_10000_100,small_first,0.276000,37.723000,37.998000,806192083,9,20261005
gcc,digit_sum_40_100,nested,0.143000,0.094000,0.238000,351998857,9,20261005
gcc,digit_sum_40_100,row_major,0.001000,0.149000,0.150000,351998857,9,20261005
gcc,digit_sum_40_100,small_first,0.001000,0.149000,0.151000,351998857,9,20261005
gcc,knapsack_100_100000,nested,2.142000,5.823000,7.949000,45299961288,9,20261006
gcc,knapsack_100_100000,row_major,1.690000,6.229000,7.916000,45299961288,9,20261006
gcc,knapsack_100_100000,small_first,1.675000,24.541000,26.240000,45299961288,9,20261006
gcc,lcs_1000_3000,nested,0.316000,1.822000,2.146000,969,9,20261006
gcc,lcs_1000_3000,row_major,0.414000,1.590000,2.006000,969,9,20261006
gcc,lcs_1000_3000,small_first,0.413000,2.891000,3.304000,969,9,20261006
gcc,lcs_1000_3000_reversed_indices,nested,0.364000,27.318000,27.683000,969,9,20261006
gcc,lcs_1000_3000_reversed_indices,row_major,0.387000,2.760000,3.149000,969,9,20261006
gcc,lcs_1000_3000_reversed_indices,small_first,0.415000,2.888000,3.311000,969,9,20261006
gcc,lcs_3000_1000,nested,0.362000,1.756000,2.118000,969,9,20261006
gcc,lcs_3000_1000,row_major,0.414000,1.579000,1.993000,969,9,20261006
gcc,lcs_3000_1000,small_first,0.412000,1.708000,2.120000,969,9,20261006
gcc,lcs_3000_1000_reversed_indices,nested,0.332000,24.867000,25.200000,969,9,20261006
gcc,lcs_3000_1000_reversed_indices,row_major,0.390000,1.935000,2.331000,969,9,20261006
gcc,lcs_3000_1000_reversed_indices,small_first,0.414000,1.754000,2.176000,969,9,20261006
gcc,slimes_400,nested,0.042000,6.999000,7.041000,1562655243347,9,20261006
gcc,slimes_400,row_major,0.024000,5.726000,5.750000,1562655243347,9,20261006
gcc,slimes_400,small_first,0.025000,5.762000,5.786000,1562655243347,9,20261006
gcc,capped_knapsack_50_10000_10,nested,22.082000,5.055000,27.219000,891,9,20261006
gcc,capped_knapsack_50_10000_10,row_major,0.775000,4.981000,5.764000,891,9,20261006
gcc,capped_knapsack_50_10000_10,small_first,0.775000,7.637000,8.417000,891,9,20261006
gcc,digit_sum_10000_100,nested,33.331000,23.933000,57.260000,978094826,9,20261006
gcc,digit_sum_10000_100,row_major,0.275000,37.696000,37.979000,978094826,9,20261006
gcc,digit_sum_10000_100,small_first,0.277000,37.724000,38.018000,978094826,9,20261006
gcc,digit_sum_40_100,nested,0.139000,0.096000,0.235000,872603881,9,20261006
gcc,digit_sum_40_100,row_major,0.001000,0.151000,0.152000,872603881,9,20261006
gcc,digit_sum_40_100,small_first,0.001000,0.152000,0.153000,872603881,9,20261006
clang,knapsack_100_100000,nested,0.987542,6.048584,7.067833,45611773405,9,20261005
clang,knapsack_100_100000,row_major,0.717375,5.887250,6.615459,45611773405,9,20261005
clang,knapsack_100_100000,small_first,0.694583,26.042875,26.737458,45611773405,9,20261005
clang,lcs_1000_3000,nested,0.326042,2.726459,3.051000,969,9,20261005
clang,lcs_1000_3000,row_major,0.102500,3.417000,3.518333,969,9,20261005
clang,lcs_1000_3000,small_first,0.103292,4.681166,4.784375,969,9,20261005
clang,lcs_1000_3000_reversed_indices,nested,0.560334,8.659334,9.277292,969,9,20261005
clang,lcs_1000_3000_reversed_indices,row_major,0.103958,4.889875,4.992542,969,9,20261005
clang,lcs_1000_3000_reversed_indices,small_first,0.111000,4.917666,5.029833,969,9,20261005
clang,lcs_3000_1000,nested,0.483917,2.809791,3.289709,969,9,20261005
clang,lcs_3000_1000,row_major,0.104209,3.466291,3.568000,969,9,20261005
clang,lcs_3000_1000,small_first,0.104375,3.441542,3.544792,969,9,20261005
clang,lcs_3000_1000_reversed_indices,nested,0.373750,8.080042,8.428917,969,9,20261005
clang,lcs_3000_1000_reversed_indices,row_major,0.102833,3.501666,3.604625,969,9,20261005
clang,lcs_3000_1000_reversed_indices,small_first,0.107125,3.427917,3.539833,969,9,20261005
clang,slimes_400,nested,0.030250,6.401042,6.436000,1499475341163,9,20261005
clang,slimes_400,row_major,0.011000,6.048750,6.061166,1499475341163,9,20261005
clang,slimes_400,small_first,0.012417,6.039250,6.050666,1499475341163,9,20261005
clang,capped_knapsack_50_10000_10,nested,8.141834,3.494958,11.657417,906,9,20261005
clang,capped_knapsack_50_10000_10,row_major,0.200833,3.648958,3.855833,906,9,20261005
clang,capped_knapsack_50_10000_10,small_first,0.196875,3.918625,4.115500,906,9,20261005
clang,digit_sum_10000_100,nested,12.647291,12.099833,24.761458,806192083,9,20261005
clang,digit_sum_10000_100,row_major,0.069208,10.709750,10.783625,806192083,9,20261005
clang,digit_sum_10000_100,small_first,0.069291,10.700375,10.770334,806192083,9,20261005
clang,digit_sum_40_100,nested,0.053125,0.048583,0.101375,351998857,9,20261005
clang,digit_sum_40_100,row_major,0.000375,0.043000,0.043417,351998857,9,20261005
clang,digit_sum_40_100,small_first,0.000458,0.042750,0.043291,351998857,9,20261005
clang,knapsack_100_100000,nested,0.990625,5.959917,6.955417,45299961288,9,20261006
clang,knapsack_100_100000,row_major,0.684125,5.857833,6.535542,45299961288,9,20261006
clang,knapsack_100_100000,small_first,0.688167,25.234667,25.916708,45299961288,9,20261006
clang,lcs_1000_3000,nested,0.322250,2.736792,3.060917,969,9,20261006
clang,lcs_1000_3000,row_major,0.102209,3.396709,3.499875,969,9,20261006
clang,lcs_1000_3000,small_first,0.103417,4.672833,4.776750,969,9,20261006
clang,lcs_1000_3000_reversed_indices,nested,0.450042,8.059333,8.810417,969,9,20261006
clang,lcs_1000_3000_reversed_indices,row_major,0.103708,4.821834,4.919833,969,9,20261006
clang,lcs_1000_3000_reversed_indices,small_first,0.109500,4.743291,4.853916,969,9,20261006
clang,lcs_3000_1000,nested,0.524875,2.903166,3.419958,969,9,20261006
clang,lcs_3000_1000,row_major,0.111542,3.600708,3.710875,969,9,20261006
clang,lcs_3000_1000,small_first,0.113125,3.671542,3.784667,969,9,20261006
clang,lcs_3000_1000_reversed_indices,nested,0.413250,8.351667,8.772708,969,9,20261006
clang,lcs_3000_1000_reversed_indices,row_major,0.103125,3.514250,3.617375,969,9,20261006
clang,lcs_3000_1000_reversed_indices,small_first,0.110625,3.445375,3.553041,969,9,20261006
clang,slimes_400,nested,0.028792,6.381709,6.411042,1562655243347,9,20261006
clang,slimes_400,row_major,0.011000,6.056834,6.067750,1562655243347,9,20261006
clang,slimes_400,small_first,0.012459,6.051208,6.062333,1562655243347,9,20261006
clang,capped_knapsack_50_10000_10,nested,8.145250,3.515375,11.664167,891,9,20261006
clang,capped_knapsack_50_10000_10,row_major,0.196334,3.672583,3.877958,891,9,20261006
clang,capped_knapsack_50_10000_10,small_first,0.192666,3.902792,4.122750,891,9,20261006
clang,digit_sum_10000_100,nested,12.733666,12.059375,24.839875,978094826,9,20261006
clang,digit_sum_10000_100,row_major,0.069500,10.780584,10.852084,978094826,9,20261006
clang,digit_sum_10000_100,small_first,0.069750,10.772000,10.844459,978094826,9,20261006
clang,digit_sum_40_100,nested,0.053084,0.048667,0.102834,872603881,9,20261006
clang,digit_sum_40_100,row_major,0.000375,0.043875,0.044250,872603881,9,20261006
clang,digit_sum_40_100,small_first,0.000375,0.043583,0.044000,872603881,9,20261006
