mod,d,shape,k,samples,repeat,original_ms,hybrid_ms,speedup,checksum
998244353,1,dense,0,3,1000,0.000878,0.000498,1.764233,1445719902
998244353,1,dense,1,3,1024,0.000941,0.000487,1.931864,2303339746
998244353,1,dense,4,3,1024,0.001160,0.001442,0.804515,1127787033
998244353,1,dense,1000000000,3,571,0.002584,0.002339,1.104817,1194322798
998244353,1,dense,1000000000000000000,3,400,0.003791,0.003577,1.059632,860754342
998244353,2,dense,0,3,1024,0.001097,0.000625,1.756123,507148645
998244353,2,dense,1,3,1000,0.001133,0.000502,2.256138,1831547608
998244353,2,dense,2,3,1000,0.001200,0.000975,1.231190,948233831
998244353,2,dense,8,3,1000,0.001493,0.001612,0.926179,1849408614
998244353,2,dense,1000000000,3,400,0.003447,0.003379,1.019975,1276305153
998244353,2,dense,1000000000000000000,3,235,0.005732,0.005796,0.988987,1607109725
998244353,4,dense,0,3,1024,0.001229,0.000483,2.545148,2012947521
998244353,4,dense,2,3,1000,0.001675,0.000992,1.689076,1929124760
998244353,4,dense,4,3,333,0.001937,0.001057,1.832386,1273940970
998244353,4,dense,16,3,666,0.002311,0.002307,1.001736,540581841
998244353,4,dense,1000000000,3,86,0.012264,0.011640,1.053613,1943951910
998244353,4,dense,1000000000000000000,3,114,0.018901,0.018471,1.023271,1604601534
998244353,8,dense,0,3,1000,0.001481,0.000515,2.878238,1874903210
998244353,8,dense,4,3,222,0.002770,0.001197,2.314931,1387899259
998244353,8,dense,8,3,444,0.003432,0.001875,1.830997,1884300027
998244353,8,dense,32,3,333,0.004928,0.004980,0.989548,1950218083
998244353,8,dense,1000000000,3,95,0.019221,0.018407,1.044224,1137352292
998244353,8,dense,1000000000000000000,3,51,0.041712,0.049497,0.842731,2545958893
998244353,16,dense,0,3,800,0.002715,0.000641,4.233918,1932516301
998244353,16,dense,8,3,97,0.007526,0.001495,5.034483,1904746208
998244353,16,dense,16,3,153,0.008007,0.001730,4.628463,1568459750
998244353,16,dense,64,3,148,0.010714,0.011041,0.970420,656990637
998244353,16,dense,1000000000,3,40,0.037542,0.037650,0.997123,1831191355
998244353,16,dense,1000000000000000000,3,20,0.071500,0.075417,0.948066,1563181578
998244353,32,dense,0,3,571,0.002507,0.000497,5.041080,1326260066
998244353,32,dense,16,3,105,0.013508,0.001543,8.755144,1938572922
998244353,32,dense,32,3,88,0.015886,0.002265,7.013378,2048712535
998244353,32,dense,128,3,70,0.021233,0.021867,0.971037,2132285173
998244353,32,dense,1000000000,3,14,0.081500,0.072762,1.120092,2080882538
998244353,32,dense,1000000000000000000,3,10,0.140400,0.144200,0.973648,1354854233
998244353,63,dense,0,3,571,0.002671,0.000760,3.514593,1528943435
998244353,63,dense,31,3,102,0.021546,0.004183,5.150781,1199626149
998244353,63,dense,63,3,43,0.023465,0.005016,4.678516,2747469458
998244353,63,dense,252,3,68,0.026495,0.027392,0.967251,1404197821
998244353,63,dense,1000000000,3,16,0.078625,0.075104,1.046879,1354904467
998244353,63,dense,1000000000000000000,3,10,0.135667,0.135433,1.001723,1994131463
998244353,64,dense,0,3,333,0.004299,0.000628,6.850080,1581364487
998244353,64,dense,32,3,31,0.034344,0.002430,14.132743,2182911289
998244353,64,dense,64,3,35,0.040790,0.004419,9.230603,1064288786
998244353,64,dense,256,3,27,0.051235,0.018025,2.842466,1540496482
998244353,64,dense,1000000000,3,8,0.158083,0.125875,1.255876,1065314131
998244353,64,dense,1000000000000000000,3,4,0.326333,0.293500,1.111868,521122880
998244353,65,dense,0,3,307,0.004061,0.000600,6.763110,700322069
998244353,65,dense,32,3,40,0.033717,0.002208,15.267925,1109650299
998244353,65,dense,65,3,35,0.039019,0.004371,8.925926,1588772743
998244353,65,dense,260,3,27,0.048506,0.017617,2.753329,1695227625
998244353,65,dense,1000000000,3,9,0.155444,0.124778,1.245770,1721985738
998244353,65,dense,1000000000000000000,3,3,0.296000,0.271111,1.091803,1494266046
998244353,256,dense,0,3,97,0.014086,0.000725,19.426540,1962133333
998244353,256,dense,128,3,7,0.192857,0.011952,16.135458,1172897415
998244353,256,dense,256,3,4,0.206833,0.049083,4.213922,1609817047
998244353,256,dense,1024,3,5,0.259067,0.106333,2.436364,937479758
998244353,256,dense,1000000000,3,1,0.665333,0.509000,1.307138,1756857660
998244353,256,dense,1000000000000000000,3,1,1.321667,1.161000,1.138386,2268383312
998244353,1024,dense,0,3,23,0.056391,0.001710,32.974576,1516126679
998244353,1024,dense,512,3,1,1.025333,0.097000,10.570447,1308716323
998244353,1024,dense,1024,3,1,1.124667,0.203000,5.540230,736891360
998244353,1024,dense,4096,3,1,1.263667,0.444667,2.841829,1102523898
998244353,1024,dense,1000000000,3,1,2.896667,2.070333,1.399131,1776874605
998244353,1024,dense,1000000000000000000,3,1,5.795000,4.942667,1.172444,2181788950
998244353,8192,dense,0,1,9,0.454000,0.012222,37.145455,900405879
998244353,8192,dense,4096,1,1,10.601000,0.875000,12.115429,392591367
998244353,8192,dense,8192,1,1,11.373000,1.765000,6.443626,63525461
998244353,8192,dense,32768,1,1,12.863000,3.778000,3.404711,148580121
998244353,8192,dense,1000000000,1,1,23.968000,14.763000,1.623518,502043683
998244353,8192,dense,1000000000000000000,1,1,47.623000,38.277000,1.244168,784467945
998244353,65536,dense,0,1,1,5.165000,0.101000,51.138614,163164171
998244353,65536,dense,32768,1,1,123.427000,7.683000,16.064949,849028841
998244353,65536,dense,65536,1,1,128.741000,15.996000,8.048325,225637655
998244353,65536,dense,262144,1,1,143.781000,35.890000,4.006158,487881865
998244353,65536,dense,1000000000,1,1,224.112000,114.337000,1.960100,277375007
998244353,65536,dense,1000000000000000000,1,1,448.513000,334.339000,1.341492,133740496
998244353,64,sparse,64,3,35,0.037667,0.001295,29.080882,2800411552
998244353,64,sparse,1000000000000000000,3,4,0.293167,0.267083,1.097660,1807449036
998244353,64,improper,64,3,25,0.052747,0.019467,2.709589,1429757232
998244353,64,improper,1000000000000000000,3,4,0.310833,0.282083,1.101920,1732376378
998244353,8192,sparse,8192,1,1,11.082000,0.043000,257.720930,148216948
998244353,8192,sparse,1000000000000000000,1,1,46.402000,37.277000,1.244789,975324682
998244353,8192,improper,8192,1,1,14.542000,5.163000,2.816580,778642212
998244353,8192,improper,1000000000000000000,1,1,49.948000,40.837000,1.223106,113011807
1000000007,1,dense,0,3,1024,0.000543,0.000438,1.238307,659010430
1000000007,1,dense,1,3,1024,0.000797,0.000442,1.802060,1154958686
1000000007,1,dense,4,3,1000,0.001368,0.001360,1.005884,1246506885
1000000007,1,dense,1000000000,3,153,0.008569,0.008660,0.989434,584569000
1000000007,1,dense,1000000000000000000,3,81,0.016654,0.016584,1.004218,1797120903
1000000007,2,dense,0,3,1024,0.000519,0.000428,1.212167,2380820615
1000000007,2,dense,1,3,1024,0.000816,0.000440,1.854290,1434321780
1000000007,2,dense,2,3,1024,0.001139,0.000871,1.308037,1680471397
1000000007,2,dense,8,3,800,0.001729,0.001745,0.990924,1438048798
1000000007,2,dense,1000000000,3,142,0.009369,0.009383,0.998499,1651724710
1000000007,2,dense,1000000000000000000,3,67,0.018100,0.018313,0.988318,1894514546
1000000007,4,dense,0,3,1024,0.000560,0.000440,1.270510,351648159
1000000007,4,dense,2,3,1000,0.001352,0.000863,1.566628,1103719170
1000000007,4,dense,4,3,800,0.001702,0.000983,1.730932,855744189
1000000007,4,dense,16,3,571,0.002391,0.002361,1.012611,2393420949
1000000007,4,dense,1000000000,3,121,0.011094,0.011146,0.995304,1669599888
1000000007,4,dense,1000000000000000000,3,60,0.021467,0.021633,0.992296,1684575288
1000000007,8,dense,0,3,1024,0.000611,0.000444,1.375092,622798789
1000000007,8,dense,4,3,666,0.001993,0.001019,1.955796,278578143
1000000007,8,dense,8,3,500,0.002456,0.001229,1.997831,1255606763
1000000007,8,dense,32,3,400,0.003316,0.003333,0.994750,1280783095
1000000007,8,dense,1000000000,3,97,0.013849,0.013890,0.997031,899971794
1000000007,8,dense,1000000000000000000,3,50,0.027053,0.027280,0.991691,1105293046
1000000007,16,dense,0,3,1024,0.000647,0.000450,1.437771,1777631652
1000000007,16,dense,8,3,363,0.003581,0.001263,2.836364,1711663248
1000000007,16,dense,16,3,307,0.004300,0.001452,2.961855,1564231299
1000000007,16,dense,64,3,235,0.005729,0.005765,0.993848,442763863
1000000007,16,dense,1000000000,3,58,0.022310,0.022489,0.992078,1378819472
1000000007,16,dense,1000000000000000000,3,30,0.044022,0.044244,0.994977,1077666966
1000000007,32,dense,0,3,1024,0.000656,0.000474,1.382292,1820629981
1000000007,32,dense,16,3,153,0.008773,0.001477,5.939528,534983482
1000000007,32,dense,32,3,129,0.010411,0.002093,4.974074,992235818
1000000007,32,dense,128,3,95,0.013579,0.013670,0.993326,2066034665
1000000007,32,dense,1000000000,3,27,0.049062,0.049173,0.997740,791248942
1000000007,32,dense,1000000000000000000,3,13,0.096795,0.097128,0.996568,440184001
1000000007,63,dense,0,3,1024,0.000752,0.000582,1.290665,1808071715
1000000007,63,dense,31,3,56,0.023107,0.002030,11.384164,1555392555
1000000007,63,dense,63,3,48,0.027743,0.004028,6.887931,704288117
1000000007,63,dense,252,3,36,0.036435,0.036426,1.000254,1806399189
1000000007,63,dense,1000000000,3,9,0.134741,0.135148,0.996985,1437573372
1000000007,63,dense,1000000000000000000,3,4,0.268083,0.269333,0.995359,2143359366
1000000007,64,dense,0,3,1024,0.000753,0.000589,1.279867,1316171444
1000000007,64,dense,32,3,47,0.028234,0.002156,13.095395,891924513
1000000007,64,dense,64,3,41,0.032789,0.004236,7.740883,1466707811
1000000007,64,dense,256,3,31,0.042000,0.013645,3.078014,1145334126
1000000007,64,dense,1000000000,3,9,0.138556,0.114148,1.213822,1378674125
1000000007,64,dense,1000000000000000000,3,4,0.276583,0.250250,1.105228,911257369
1000000007,65,dense,0,3,1024,0.000771,0.000602,1.280151,1067905627
1000000007,65,dense,32,3,45,0.029141,0.002178,13.380952,1456946959
1000000007,65,dense,65,3,39,0.034077,0.004299,7.926441,2184279834
1000000007,65,dense,260,3,30,0.043456,0.014000,3.103968,1511196878
1000000007,65,dense,1000000000,3,9,0.142926,0.118556,1.205561,1182378420
1000000007,65,dense,1000000000000000000,3,4,0.285250,0.259167,1.100643,1310179291
1000000007,256,dense,0,3,1024,0.000949,0.000718,1.320943,2046297925
1000000007,256,dense,128,3,2,0.475333,0.012000,39.611111,762427595
1000000007,256,dense,256,3,2,0.533833,0.202000,2.642739,1093387380
1000000007,256,dense,1024,3,2,0.652000,0.321333,2.029046,1455107228
1000000007,256,dense,1000000000,3,1,1.764667,1.359333,1.298185,1263653166
1000000007,256,dense,1000000000000000000,3,1,3.557000,3.141333,1.132322,1885466084
1000000007,1024,dense,0,3,666,0.002239,0.001720,1.301717,1417807377
1000000007,1024,dense,512,3,1,11.122333,0.750000,14.829778,1403630214
1000000007,1024,dense,1024,3,1,12.190000,1.720667,7.084463,1477030650
1000000007,1024,dense,4096,3,1,14.404333,3.940000,3.655922,905385341
1000000007,1024,dense,1000000000,3,1,33.235667,22.972000,1.446790,1954908813
1000000007,1024,dense,1000000000000000000,3,1,66.484667,56.168000,1.183675,352941176
1000000007,8192,dense,0,1,235,0.015438,0.012200,1.265434,568928492
1000000007,8192,dense,4096,1,1,135.264000,7.893000,17.137210,778960603
1000000007,8192,dense,8192,1,1,145.457000,16.502000,8.814507,500103568
1000000007,8192,dense,32768,1,1,169.877000,37.639000,4.513324,769794842
1000000007,8192,dense,1000000000,1,1,314.740000,187.672000,1.677075,842111832
1000000007,8192,dense,1000000000000000000,1,1,617.131000,489.443000,1.260884,94185273
1000000007,64,sparse,64,3,64,0.020813,0.001219,17.076923,1558996873
1000000007,64,sparse,1000000000000000000,3,5,0.260533,0.237000,1.099297,2347608349
1000000007,64,improper,64,3,32,0.041885,0.013375,3.131620,1489642341
1000000007,64,improper,1000000000000000000,3,4,0.280667,0.258833,1.084353,2653918035
1000000007,8192,sparse,8192,1,1,62.499000,0.048000,1302.062500,614029653
1000000007,8192,sparse,1000000000000000000,1,1,532.663000,409.271000,1.301492,990199751
1000000007,8192,improper,8192,1,1,166.733000,40.413000,4.125727,855078606
1000000007,8192,improper,1000000000000000000,1,1,641.696000,511.122000,1.255465,921272277
