operation,type,shape,count,before_ns,after_ns,speedup,before_judge_calls,after_judge_calls
search,int32,random,50000,436.960,394.100,1.109,90.500,63.347
constructor,int32,random,50000,526.280,76.160,6.910,0.000,0.000
depth,int32,random,50000,484.560,68.000,7.126,0.000,0.000
search,int32,near_zero,50000,243.800,225.340,1.082,66.253,61.245
constructor,int32,near_zero,50000,269.780,19.720,13.681,0.000,0.000
depth,int32,near_zero,50000,211.680,16.260,13.018,0.000,0.000
search,int32,near_one,50000,257.100,250.520,1.026,68.115,62.202
constructor,int32,near_one,50000,227.920,17.540,12.994,0.000,0.000
depth,int32,near_one,50000,198.060,18.640,10.626,0.000,0.000
search,int32,fibonacci,50000,196.300,103.960,1.888,87.619,45.310
constructor,int32,fibonacci,50000,934.680,179.140,5.218,0.000,0.000
depth,int32,fibonacci,50000,615.440,156.340,3.937,0.000,0.000
search,int64,random,50000,900.200,813.180,1.107,180.794,125.960
constructor,int64,random,50000,687.620,135.940,5.058,0.000,0.000
depth,int64,random,50000,543.420,124.200,4.375,0.000,0.000
search,int64,near_zero,50000,458.420,426.000,1.076,126.070,120.266
constructor,int64,near_zero,50000,177.940,12.600,14.122,0.000,0.000
depth,int64,near_zero,50000,157.180,13.720,11.456,0.000,0.000
search,int64,near_one,50000,440.080,422.120,1.043,127.963,121.279
constructor,int64,near_one,50000,227.120,15.400,14.748,0.000,0.000
depth,int64,near_one,50000,196.680,16.640,11.820,0.000,0.000
search,int64,fibonacci,50000,376.540,228.360,1.649,173.000,88.000
constructor,int64,fibonacci,50000,1095.280,318.300,3.441,0.000,0.000
depth,int64,fibonacci,50000,744.540,284.820,2.614,0.000,0.000
